name,start_time,finish_time,duration,current_host,current_host_uuid,compromise_host,compromise_host_uuid,current_host_attempt,cumulative_attempts,cumulative_compromised_hosts,compromise_users,interrupted_in,interrupted_by
SCAN_HOST,0.0,10.0,10.0,-1,-1,None,None,0,0,0,[],None,None
ENUM_HOST,10.0,25.0,15.0,-1,-1,None,None,0,0,0,[],None,None
SCAN_PORT,25.0,36.28310521115723,11.283105211157228,0,804a1e99-dedf-48eb-b896-6c83161a5e8b,None,None,1,0,0,[],application,OSDiversity
SCAN_PORT,38.28310521115723,50.40794683063499,12.124841619477763,0,804a1e99-dedf-48eb-b896-6c83161a5e8b,None,None,1,0,0,[],network,CompleteTopologyShuffle
SCAN_HOST,52.40794683063499,62.40794683063499,10.0,-1,-1,None,None,0,0,0,[],None,None
ENUM_HOST,62.40794683063499,77.40794683063498,14.999999999999993,-1,-1,None,None,0,0,0,[],None,None
SCAN_PORT,77.40794683063498,95.51247585083536,18.104529020200374,0,804a1e99-dedf-48eb-b896-6c83161a5e8b,None,None,2,0,0,[],network,HostTopologyShuffle
SCAN_HOST,97.51247585083536,107.51247585083536,10.0,-1,-1,None,None,0,0,0,[],None,None
ENUM_HOST,107.51247585083536,122.51247585083536,15.0,-1,-1,None,None,0,0,0,[],None,None
SCAN_PORT,122.51247585083536,135.81167806523393,13.299202214398576,0,804a1e99-dedf-48eb-b896-6c83161a5e8b,None,None,3,0,0,[],network,IPShuffle
SCAN_HOST,137.81167806523393,147.81167806523393,10.0,-1,-1,None,None,0,0,0,[],None,None
ENUM_HOST,147.81167806523393,162.81167806523393,15.0,-1,-1,None,None,0,0,0,[],None,None
SCAN_PORT,162.81167806523393,182.81167806523393,20.0,0,804a1e99-dedf-48eb-b896-6c83161a5e8b,None,None,4,0,0,[],None,None
EXPLOIT_VULN,182.81167806523393,208.47368133685762,25.66200327162369,0,804a1e99-dedf-48eb-b896-6c83161a5e8b,None,None,4,0,0,[],None,None
BRUTE_FORCE,208.47368133685762,223.47368133685762,15.0,0,804a1e99-dedf-48eb-b896-6c83161a5e8b,None,None,4,42,0,[],None,None
ENUM_HOST,223.47368133685762,238.47368133685762,15.0,0,804a1e99-dedf-48eb-b896-6c83161a5e8b,None,None,4,42,0,[],None,None
SCAN_PORT,238.47368133685762,250.51488917684821,12.04120783999059,1,3124b84f-67ab-42ce-a513-2e6d410f4916,None,None,1,42,0,[],network,CompleteTopologyShuffle
SCAN_HOST,252.51488917684821,262.5148891768482,10.0,-1,-1,None,None,0,42,0,[],None,None
ENUM_HOST,262.5148891768482,277.5148891768482,15.0,-1,-1,None,None,0,42,0,[],None,None
SCAN_PORT,277.5148891768482,295.6912264500681,18.176337273219872,0,804a1e99-dedf-48eb-b896-6c83161a5e8b,None,None,5,42,0,[],network,HostTopologyShuffle
SCAN_HOST,297.6912264500681,307.6912264500681,10.0,-1,-1,None,None,0,42,0,[],None,None
ENUM_HOST,307.6912264500681,322.6912264500681,15.0,-1,-1,None,None,0,42,0,[],None,None
SCAN_PORT,322.6912264500681,335.79492721692964,13.10370076686155,0,804a1e99-dedf-48eb-b896-6c83161a5e8b,None,None,6,42,0,[],network,IPShuffle
SCAN_HOST,337.79492721692964,347.79492721692964,10.0,-1,-1,None,None,0,42,0,[],None,None
ENUM_HOST,347.79492721692964,362.79492721692964,15.0,-1,-1,None,None,0,42,0,[],None,None
SCAN_PORT,362.79492721692964,382.79492721692964,20.0,0,804a1e99-dedf-48eb-b896-6c83161a5e8b,None,None,7,42,0,[],None,None
EXPLOIT_VULN,382.79492721692964,408.88264647222087,26.087719255291233,0,804a1e99-dedf-48eb-b896-6c83161a5e8b,0,804a1e99-dedf-48eb-b896-6c83161a5e8b,7,42,0,"['Jori', 'Fancy', 'Jacquenette', 'Tiffie', 'Camilla']",None,None
SCAN_NEIGHBOR,408.88264647222087,418.88264647222087,10.0,0,804a1e99-dedf-48eb-b896-6c83161a5e8b,None,None,7,88,1,[],None,None
ENUM_HOST,418.88264647222087,433.88264647222087,15.0,0,804a1e99-dedf-48eb-b896-6c83161a5e8b,None,None,7,88,1,[],None,None
SCAN_PORT,433.88264647222087,435.97680580943825,2.094159337217377,46,565a2666-36da-4c95-95a6-327b0920e93e,None,None,1,88,1,[],application,OSDiversity
SCAN_PORT,437.97680580943825,450.6610170472145,12.684211237776253,46,565a2666-36da-4c95-95a6-327b0920e93e,None,None,1,88,1,[],network,CompleteTopologyShuffle
SCAN_HOST,452.6610170472145,462.6610170472145,10.0,-1,-1,None,None,0,88,1,[],None,None
ENUM_HOST,462.6610170472145,477.6610170472145,15.0,-1,-1,None,None,0,88,1,[],None,None
SCAN_PORT,477.6610170472145,495.6632318667203,18.00221481950581,48,818bf591-46c0-421b-a6c5-e91d2f533290,None,None,1,88,1,[],network,HostTopologyShuffle
SCAN_HOST,497.6632318667203,507.6632318667203,10.0,-1,-1,None,None,0,88,1,[],None,None
ENUM_HOST,507.6632318667203,522.6632318667203,14.999999999999943,-1,-1,None,None,0,88,1,[],None,None
SCAN_PORT,522.6632318667203,536.2500847418121,13.586852875091836,48,818d2956-ce96-4bb8-aadf-ad4cc5b07e2a,None,None,2,88,1,[],network,IPShuffle
SCAN_HOST,538.2500847418121,548.2500847418121,10.0,-1,-1,None,None,0,88,1,[],None,None
ENUM_HOST,548.2500847418121,563.2500847418121,15.0,-1,-1,None,None,0,88,1,[],None,None
SCAN_PORT,563.2500847418121,583.2500847418121,20.0,48,818d2956-ce96-4bb8-aadf-ad4cc5b07e2a,None,None,3,88,1,[],None,None
EXPLOIT_VULN,583.2500847418121,609.5919728533556,26.34188811154354,48,818d2956-ce96-4bb8-aadf-ad4cc5b07e2a,48,818d2956-ce96-4bb8-aadf-ad4cc5b07e2a,3,88,1,"['Felice', 'Ailsun', 'Nicolette', 'Letitia']",None,None
SCAN_NEIGHBOR,609.5919728533556,619.5919728533556,10.0,48,818d2956-ce96-4bb8-aadf-ad4cc5b07e2a,None,None,3,115,2,[],None,None
ENUM_HOST,619.5919728533556,634.5919728533556,15.0,48,818d2956-ce96-4bb8-aadf-ad4cc5b07e2a,None,None,3,115,2,[],None,None
SCAN_PORT,634.5919728533556,637.0364286140735,2.444455760717915,75,c1e2e76d-e8ee-44d5-b172-f4de61f4b26c,None,None,1,115,2,[],application,OSDiversity
SCAN_PORT,639.0364286140735,651.2517551653862,12.215326551312614,75,c1e2e76d-e8ee-44d5-b172-f4de61f4b26c,None,None,1,115,2,[],network,CompleteTopologyShuffle
SCAN_HOST,653.2517551653862,663.2517551653862,10.0,-1,-1,None,None,0,115,2,[],None,None
ENUM_HOST,663.2517551653862,678.2517551653862,15.0,-1,-1,None,None,0,115,2,[],None,None
SCAN_PORT,678.2517551653862,696.3511069196989,18.099351754312693,53,d4aacc4e-0429-477c-9a70-fd2f9231f793,None,None,1,115,2,[],network,HostTopologyShuffle
SCAN_HOST,698.3511069196989,708.3511069196989,10.0,-1,-1,None,None,0,115,2,[],None,None
ENUM_HOST,708.3511069196989,723.3511069196989,15.0,-1,-1,None,None,0,115,2,[],None,None
SCAN_PORT,723.3511069196989,736.6469191269316,13.295812207232757,53,07f25aea-1e31-4bdd-997d-e00eaab5dc19,None,None,2,115,2,[],network,IPShuffle
SCAN_HOST,738.6469191269316,748.6469191269316,10.0,-1,-1,None,None,0,115,2,[],None,None
ENUM_HOST,748.6469191269316,763.6469191269316,15.0,-1,-1,None,None,0,115,2,[],None,None
SCAN_PORT,763.6469191269316,783.6469191269316,20.0,53,07f25aea-1e31-4bdd-997d-e00eaab5dc19,None,None,3,115,2,[],None,None
EXPLOIT_VULN,783.6469191269316,808.6997600447488,25.052840917817207,53,07f25aea-1e31-4bdd-997d-e00eaab5dc19,53,07f25aea-1e31-4bdd-997d-e00eaab5dc19,3,115,2,"['Margot', 'Juanita', 'Cristin', 'Corissa', 'Jaquelyn']",None,None
SCAN_NEIGHBOR,808.6997600447488,818.6997600447488,10.0,53,07f25aea-1e31-4bdd-997d-e00eaab5dc19,None,None,3,154,3,[],None,None
ENUM_HOST,818.6997600447488,833.6997600447488,15.0,53,07f25aea-1e31-4bdd-997d-e00eaab5dc19,None,None,3,154,3,[],None,None
SCAN_PORT,833.6997600447488,840.0811735152813,6.381413470532493,54,698bab3f-a896-491f-a645-bbd816908bc0,None,None,1,154,3,[],application,OSDiversity
SCAN_PORT,842.0811735152813,852.9955308126155,10.914357297334163,54,698bab3f-a896-491f-a645-bbd816908bc0,None,None,1,154,3,[],network,CompleteTopologyShuffle
SCAN_HOST,854.9955308126155,864.9955308126155,10.0,-1,-1,None,None,0,154,3,[],None,None
ENUM_HOST,864.9955308126155,879.9955308126155,15.0,-1,-1,None,None,0,154,3,[],None,None
SCAN_PORT,879.9955308126155,898.4238790974317,18.428348284816252,30,1f7dca47-4876-4ce3-8e40-5260b0821f40,None,None,1,154,3,[],network,HostTopologyShuffle
SCAN_HOST,900.4238790974317,910.4238790974317,10.0,-1,-1,None,None,0,154,3,[],None,None
ENUM_HOST,910.4238790974317,925.4238790974317,15.0,-1,-1,None,None,0,154,3,[],None,None
SCAN_PORT,925.4238790974317,938.6902132954295,13.266334197997821,48,0c812f6e-d741-4a96-8c25-5c14a19f14ae,None,None,4,154,3,[],network,IPShuffle
SCAN_HOST,940.6902132954295,950.6902132954295,10.0,-1,-1,None,None,0,154,3,[],None,None
ENUM_HOST,950.6902132954295,965.6902132954295,15.0,-1,-1,None,None,0,154,3,[],None,None
SCAN_PORT,965.6902132954295,985.6902132954295,20.0,48,0c812f6e-d741-4a96-8c25-5c14a19f14ae,None,None,5,154,3,[],None,None
EXPLOIT_VULN,985.6902132954295,1011.8489287917749,26.158715496345394,48,0c812f6e-d741-4a96-8c25-5c14a19f14ae,48,0c812f6e-d741-4a96-8c25-5c14a19f14ae,5,154,3,"['Shaylah', 'Charis', 'Tova', 'Muffin']",None,None
SCAN_NEIGHBOR,1011.8489287917749,1021.8489287917749,10.0,48,0c812f6e-d741-4a96-8c25-5c14a19f14ae,None,None,5,160,4,[],None,None
ENUM_HOST,1021.8489287917749,1036.848928791775,15.000000000000114,48,0c812f6e-d741-4a96-8c25-5c14a19f14ae,None,None,5,160,4,[],None,None
SCAN_PORT,1036.848928791775,1038.2105821221655,1.3616533303904816,22,8824bc50-06f2-42b7-a4d7-c868b01bc24c,None,None,1,160,4,[],application,OSDiversity
SCAN_PORT,1040.2105821221655,1053.5737056795829,13.363123557417339,22,8824bc50-06f2-42b7-a4d7-c868b01bc24c,None,None,1,160,4,[],network,CompleteTopologyShuffle
SCAN_HOST,1055.5737056795829,1065.5737056795829,10.0,-1,-1,None,None,0,160,4,[],None,None
ENUM_HOST,1065.5737056795829,1080.5737056795829,15.0,-1,-1,None,None,0,160,4,[],None,None
SCAN_PORT,1080.5737056795829,1098.8116445746216,18.237938895038724,24,abda0385-253f-4c8e-a866-20e5018befc8,None,None,1,160,4,[],network,HostTopologyShuffle
SCAN_HOST,1100.8116445746216,1110.8116445746216,10.0,-1,-1,None,None,0,160,4,[],None,None
ENUM_HOST,1110.8116445746216,1125.8116445746216,15.0,-1,-1,None,None,0,160,4,[],None,None
SCAN_PORT,1125.8116445746216,1140.064290294989,14.252645720367354,24,b5c182d8-4422-408d-a419-d6a9622effef,None,None,2,160,4,[],network,IPShuffle
SCAN_HOST,1142.064290294989,1152.064290294989,10.0,-1,-1,None,None,0,160,4,[],None,None
ENUM_HOST,1152.064290294989,1167.064290294989,15.0,-1,-1,None,None,0,160,4,[],None,None
SCAN_PORT,1167.064290294989,1187.064290294989,20.0,31,5f7ff43f-42c0-49ea-a467-5506cec9afc0,None,None,1,160,4,[],None,None
EXPLOIT_VULN,1187.064290294989,1212.528606539918,25.464316244929023,31,5f7ff43f-42c0-49ea-a467-5506cec9afc0,None,None,1,160,4,[],None,None
BRUTE_FORCE,1212.528606539918,1227.528606539918,15.0,31,5f7ff43f-42c0-49ea-a467-5506cec9afc0,None,None,1,170,4,[],None,None
ENUM_HOST,1227.528606539918,1242.528606539918,15.0,31,5f7ff43f-42c0-49ea-a467-5506cec9afc0,None,None,1,170,4,[],None,None
SCAN_PORT,1242.528606539918,1253.4031003328723,10.874493792954354,27,12e432b6-c0b8-4f02-8065-7c6be3de8f42,None,None,1,170,4,[],network,CompleteTopologyShuffle
SCAN_HOST,1255.4031003328723,1265.4031003328723,10.0,-1,-1,None,None,0,170,4,[],None,None
ENUM_HOST,1265.4031003328723,1280.4031003328723,15.0,-1,-1,None,None,0,170,4,[],None,None
SCAN_PORT,1280.4031003328723,1298.63094032329,18.22783999041758,48,351ee4de-da6f-4223-b217-d8c787cb6af6,None,None,6,170,4,[],network,HostTopologyShuffle
SCAN_HOST,1300.63094032329,1310.63094032329,10.0,-1,-1,None,None,0,170,4,[],None,None
ENUM_HOST,1310.63094032329,1325.63094032329,15.0,-1,-1,None,None,0,170,4,[],None,None
SCAN_PORT,1325.63094032329,1338.9058532187053,13.274912895415355,53,1343d955-c5f2-467d-84ec-f119af2c41c9,None,None,4,170,4,[],network,IPShuffle
SCAN_HOST,1340.9058532187053,1350.9058532187053,10.0,-1,-1,None,None,0,170,4,[],None,None
ENUM_HOST,1350.9058532187053,1365.9058532187053,15.0,-1,-1,None,None,0,170,4,[],None,None
SCAN_PORT,1365.9058532187053,1385.9058532187053,20.0,48,5f5c967a-9c43-4f45-bc53-88382b0909bc,None,None,7,170,4,[],None,None
EXPLOIT_VULN,1385.9058532187053,1411.4006510189406,25.494797800235347,48,5f5c967a-9c43-4f45-bc53-88382b0909bc,None,None,7,170,4,[],None,None
BRUTE_FORCE,1411.4006510189406,1426.4006510189406,15.0,48,5f5c967a-9c43-4f45-bc53-88382b0909bc,None,None,7,182,4,[],None,None
ENUM_HOST,1426.4006510189406,1441.4006510189406,15.0,48,5f5c967a-9c43-4f45-bc53-88382b0909bc,None,None,7,182,4,[],None,None
SCAN_PORT,1441.4006510189406,1454.374040373858,12.973389354917344,48,5f5c967a-9c43-4f45-bc53-88382b0909bc,None,None,8,182,4,[],network,CompleteTopologyShuffle
SCAN_HOST,1456.374040373858,1466.374040373858,10.0,-1,-1,None,None,0,182,4,[],None,None
ENUM_HOST,1466.374040373858,1481.374040373858,15.0,-1,-1,None,None,0,182,4,[],None,None
SCAN_PORT,1481.374040373858,1499.5014984729137,18.12745809905573,57,818bf591-46c0-421b-a6c5-e91d2f533290,None,None,1,182,4,[],network,HostTopologyShuffle
SCAN_HOST,1501.5014984729137,1511.5014984729137,10.0,-1,-1,None,None,0,182,4,[],None,None
ENUM_HOST,1511.5014984729137,1526.5014984729137,15.0,-1,-1,None,None,0,182,4,[],None,None
SCAN_PORT,1526.5014984729137,1539.7930349972971,13.291536524383446,28,b5c182d8-4422-408d-a419-d6a9622effef,None,None,1,182,4,[],network,IPShuffle
SCAN_HOST,1541.7930349972971,1551.7930349972971,10.0,-1,-1,None,None,0,182,4,[],None,None
ENUM_HOST,1551.7930349972971,1566.7930349972971,15.0,-1,-1,None,None,0,182,4,[],None,None
SCAN_PORT,1566.7930349972971,1586.7930349972971,20.0,54,351ee4de-da6f-4223-b217-d8c787cb6af6,None,None,2,182,4,[],None,None
EXPLOIT_VULN,1586.7930349972971,1612.674012112963,25.880977115665928,54,351ee4de-da6f-4223-b217-d8c787cb6af6,None,None,2,182,4,[],None,None
BRUTE_FORCE,1612.674012112963,1627.674012112963,15.0,54,351ee4de-da6f-4223-b217-d8c787cb6af6,None,None,2,185,4,[],None,None
ENUM_HOST,1627.674012112963,1642.674012112963,15.0,54,351ee4de-da6f-4223-b217-d8c787cb6af6,None,None,2,185,4,[],None,None
SCAN_PORT,1642.674012112963,1654.954824497466,12.280812384502951,59,1343d955-c5f2-467d-84ec-f119af2c41c9,None,None,1,185,4,[],network,CompleteTopologyShuffle
SCAN_HOST,1656.954824497466,1666.954824497466,10.0,-1,-1,None,None,0,185,4,[],None,None
ENUM_HOST,1666.954824497466,1681.954824497466,15.0,-1,-1,None,None,0,185,4,[],None,None
SCAN_PORT,1681.954824497466,1700.7406693097823,18.785844812316327,41,8824bc50-06f2-42b7-a4d7-c868b01bc24c,None,None,1,185,4,[],network,HostTopologyShuffle
SCAN_HOST,1702.7406693097823,1712.7406693097823,10.0,-1,-1,None,None,0,185,4,[],None,None
ENUM_HOST,1712.7406693097823,1727.7406693097823,15.0,-1,-1,None,None,0,185,4,[],None,None
SCAN_PORT,1727.7406693097823,1741.0799105232072,13.339241213424884,20,818bf591-46c0-421b-a6c5-e91d2f533290,None,None,1,185,4,[],network,IPShuffle
SCAN_HOST,1743.0799105232072,1753.0799105232072,10.0,-1,-1,None,None,0,185,4,[],None,None
ENUM_HOST,1753.0799105232072,1768.0799105232072,15.0,-1,-1,None,None,0,185,4,[],None,None
SCAN_PORT,1768.0799105232072,1788.0799105232072,20.0,22,676917e6-b5a9-491e-bc94-33cdd0d6368e,None,None,2,185,4,[],None,None
EXPLOIT_VULN,1788.0799105232072,1814.9419374820652,26.862026958857996,22,676917e6-b5a9-491e-bc94-33cdd0d6368e,22,676917e6-b5a9-491e-bc94-33cdd0d6368e,2,185,4,"['Lorrie', 'Janka', 'Jillene', 'Minne', 'Scarlett']",None,None
SCAN_NEIGHBOR,1814.9419374820652,1824.9419374820652,10.0,22,676917e6-b5a9-491e-bc94-33cdd0d6368e,None,None,2,192,5,[],None,None
ENUM_HOST,1824.9419374820652,1839.9419374820652,15.0,22,676917e6-b5a9-491e-bc94-33cdd0d6368e,None,None,2,192,5,[],None,None
SCAN_PORT,1839.9419374820652,1840.5911523455864,0.6492148635211379,76,ce42e80b-8b96-42e8-81e5-3ce75feba8ec,None,None,1,192,5,[],application,OSDiversity
SCAN_PORT,1842.5911523455864,1855.544806384863,12.953654039276671,76,ce42e80b-8b96-42e8-81e5-3ce75feba8ec,None,None,1,192,5,[],network,CompleteTopologyShuffle
SCAN_HOST,1857.544806384863,1867.544806384863,10.0,-1,-1,None,None,0,192,5,[],None,None
ENUM_HOST,1867.544806384863,1882.544806384863,15.0,-1,-1,None,None,0,192,5,[],None,None
SCAN_PORT,1882.544806384863,1900.845228630444,18.300422245580876,26,5f7ff43f-42c0-49ea-a467-5506cec9afc0,None,None,1,192,5,[],network,HostTopologyShuffle
SCAN_HOST,1902.845228630444,1912.845228630444,10.0,-1,-1,None,None,0,192,5,[],None,None
ENUM_HOST,1912.845228630444,1927.845228630444,15.0,-1,-1,None,None,0,192,5,[],None,None
SCAN_PORT,1927.845228630444,1940.9998906280935,13.154661997649555,26,55cee18c-635d-47d3-8450-3b708a685f69,None,None,2,192,5,[],network,IPShuffle
SCAN_HOST,1942.9998906280935,1952.9998906280935,10.0,-1,-1,None,None,0,192,5,[],None,None
ENUM_HOST,1952.9998906280935,1967.9998906280935,15.0,-1,-1,None,None,0,192,5,[],None,None
SCAN_PORT,1967.9998906280935,1987.9998906280935,20.0,27,5f7ff43f-42c0-49ea-a467-5506cec9afc0,None,None,2,192,5,[],None,None
EXPLOIT_VULN,1987.9998906280935,2014.0960781934948,26.09618756540135,27,5f7ff43f-42c0-49ea-a467-5506cec9afc0,27,5f7ff43f-42c0-49ea-a467-5506cec9afc0,2,192,5,"['Latrena', 'Marthe', 'Octavia', 'Lelah', 'Jillayne']",None,None
SCAN_NEIGHBOR,2014.0960781934948,2024.0960781934948,10.0,27,5f7ff43f-42c0-49ea-a467-5506cec9afc0,None,None,2,202,6,[],None,None
ENUM_HOST,2024.0960781934948,2039.0960781934948,15.0,27,5f7ff43f-42c0-49ea-a467-5506cec9afc0,None,None,2,202,6,[],None,None
ENUM_HOST,2039.0960781934948,2054.0960781934946,14.999999999999773,27,5f7ff43f-42c0-49ea-a467-5506cec9afc0,None,None,3,202,6,[],None,None
SCAN_PORT,2054.0960781934946,2055.5333640015583,1.4372858080637343,24,818bf591-46c0-421b-a6c5-e91d2f533290,None,None,3,202,6,[],network,CompleteTopologyShuffle
SCAN_HOST,2057.5333640015583,2067.5333640015583,10.0,-1,-1,None,None,0,202,6,[],None,None
ENUM_HOST,2067.5333640015583,2082.5333640015583,15.0,-1,-1,None,None,0,202,6,[],None,None
SCAN_PORT,2082.5333640015583,2101.328479643887,18.79511564232871,59,7154c364-6202-40ee-9d34-60d53137c2d8,None,None,2,202,6,[],network,HostTopologyShuffle
SCAN_HOST,2103.328479643887,2113.328479643887,10.0,-1,-1,None,None,0,202,6,[],None,None
ENUM_HOST,2113.328479643887,2128.328479643887,15.0,-1,-1,None,None,0,202,6,[],None,None
SCAN_PORT,2128.328479643887,2141.387235870623,13.058756226736023,53,55cee18c-635d-47d3-8450-3b708a685f69,None,None,5,202,6,[],network,IPShuffle
SCAN_HOST,2143.387235870623,2153.387235870623,10.0,-1,-1,None,None,0,202,6,[],None,None
ENUM_HOST,2153.387235870623,2168.387235870623,15.0,-1,-1,None,None,0,202,6,[],None,None
SCAN_PORT,2168.387235870623,2188.387235870623,20.0,51,83564dcb-8023-4bfa-bdb5-5f5396478f3c,None,None,1,202,6,[],None,None
EXPLOIT_VULN,2188.387235870623,2213.5852271588988,25.197991288275716,51,83564dcb-8023-4bfa-bdb5-5f5396478f3c,51,83564dcb-8023-4bfa-bdb5-5f5396478f3c,1,202,6,"['Jennilee', 'Stephi', 'Rani', 'Lenora', 'Joscelin']",None,None
SCAN_NEIGHBOR,2213.5852271588988,2223.5852271588988,10.0,51,83564dcb-8023-4bfa-bdb5-5f5396478f3c,None,None,1,214,7,[],None,None
ENUM_HOST,2223.5852271588988,2238.5852271588988,15.0,51,83564dcb-8023-4bfa-bdb5-5f5396478f3c,None,None,1,214,7,[],None,None
SCAN_PORT,2238.5852271588988,2240.472667732122,1.8874405732231025,59,8824bc50-06f2-42b7-a4d7-c868b01bc24c,None,None,3,214,7,[],application,OSDiversity
SCAN_PORT,2242.472667732122,2255.6794440990625,13.20677636694063,59,8824bc50-06f2-42b7-a4d7-c868b01bc24c,None,None,3,214,7,[],network,CompleteTopologyShuffle
SCAN_HOST,2257.6794440990625,2267.6794440990625,10.0,-1,-1,None,None,0,214,7,[],None,None
ENUM_HOST,2267.6794440990625,2282.6794440990625,15.0,-1,-1,None,None,0,214,7,[],None,None
SCAN_PORT,2282.6794440990625,2300.881001950107,18.201557851044527,22,1f7dca47-4876-4ce3-8e40-5260b0821f40,None,None,3,214,7,[],network,HostTopologyShuffle
SCAN_HOST,2302.881001950107,2312.881001950107,10.0,-1,-1,None,None,0,214,7,[],None,None
ENUM_HOST,2312.881001950107,2327.881001950107,15.0,-1,-1,None,None,0,214,7,[],None,None
SCAN_PORT,2327.881001950107,2342.150752368543,14.26975041843616,56,abda0385-253f-4c8e-a866-20e5018befc8,None,None,1,214,7,[],network,IPShuffle
SCAN_HOST,2344.150752368543,2354.150752368543,10.0,-1,-1,None,None,0,214,7,[],None,None
ENUM_HOST,2354.150752368543,2369.150752368543,15.0,-1,-1,None,None,0,214,7,[],None,None
SCAN_PORT,2369.150752368543,2389.150752368543,20.0,22,4726302b-bff1-4105-a3a9-a5993c1e0309,22,4726302b-bff1-4105-a3a9-a5993c1e0309,4,214,7,"['Sarina', 'Charmaine', 'Rafaela']",None,None
SCAN_NEIGHBOR,2389.150752368543,2399.150752368543,10.0,22,4726302b-bff1-4105-a3a9-a5993c1e0309,None,None,4,214,8,[],None,None
ENUM_HOST,2399.150752368543,2414.150752368543,15.0,22,4726302b-bff1-4105-a3a9-a5993c1e0309,None,None,4,214,8,[],None,None
ENUM_HOST,2414.150752368543,2429.150752368543,15.0,22,4726302b-bff1-4105-a3a9-a5993c1e0309,None,None,5,214,8,[],None,None
SCAN_PORT,2429.150752368543,2441.010970528239,11.860218159695705,29,fbc9067b-488d-4ec1-9e6b-6dde582c1bff,None,None,1,214,8,[],application,OSDiversity
SCAN_PORT,2443.010970528239,2455.9387118975815,12.927741369342584,29,fbc9067b-488d-4ec1-9e6b-6dde582c1bff,None,None,1,214,8,[],network,CompleteTopologyShuffle
SCAN_HOST,2457.9387118975815,2467.9387118975815,10.0,-1,-1,None,None,0,214,8,[],None,None
ENUM_HOST,2467.9387118975815,2482.9387118975815,15.0,-1,-1,None,None,0,214,8,[],None,None
SCAN_PORT,2482.9387118975815,2500.977587087526,18.03887518994452,21,8094a805-eacb-4ad8-ab9d-59975b7fc2bd,None,None,1,214,8,[],network,HostTopologyShuffle
SCAN_HOST,2502.977587087526,2512.977587087526,10.0,-1,-1,None,None,0,214,8,[],None,None
ENUM_HOST,2512.977587087526,2527.977587087526,15.0,-1,-1,None,None,0,214,8,[],None,None
SCAN_PORT,2527.977587087526,2541.407462080054,13.429874992527857,42,12e432b6-c0b8-4f02-8065-7c6be3de8f42,None,None,1,214,8,[],network,IPShuffle
SCAN_HOST,2543.407462080054,2553.407462080054,10.0,-1,-1,None,None,0,214,8,[],None,None
ENUM_HOST,2553.407462080054,2568.407462080054,15.0,-1,-1,None,None,0,214,8,[],None,None
SCAN_PORT,2568.407462080054,2588.407462080054,20.0,41,1343d955-c5f2-467d-84ec-f119af2c41c9,None,None,2,214,8,[],None,None
EXPLOIT_VULN,2588.407462080054,2613.755703029887,25.348240949833325,41,1343d955-c5f2-467d-84ec-f119af2c41c9,41,1343d955-c5f2-467d-84ec-f119af2c41c9,2,214,8,"['Abbie', 'Jaymee', 'Carola']",None,None
SCAN_NEIGHBOR,2613.755703029887,2623.755703029887,10.0,41,1343d955-c5f2-467d-84ec-f119af2c41c9,None,None,2,239,9,[],None,None
ENUM_HOST,2623.755703029887,2638.755703029887,15.0,41,1343d955-c5f2-467d-84ec-f119af2c41c9,None,None,2,239,9,[],None,None
ENUM_HOST,2638.755703029887,2653.755703029887,15.0,44,83564dcb-8023-4bfa-bdb5-5f5396478f3c,None,None,1,239,9,[],None,None
SCAN_PORT,2653.755703029887,2656.3782036894563,2.622500659569141,32,787317cf-5dd6-4927-88e0-8ee6cf413112,None,None,1,239,9,[],network,CompleteTopologyShuffle
SCAN_HOST,2658.3782036894563,2668.3782036894563,10.0,-1,-1,None,None,0,239,9,[],None,None
ENUM_HOST,2668.3782036894563,2683.3782036894563,15.0,-1,-1,None,None,0,239,9,[],None,None
SCAN_PORT,2683.3782036894563,2701.514743326909,18.136539637452643,49,fe0d41b8-5aaf-49ec-ba7a-5dae358ab23b,None,None,1,239,9,[],network,HostTopologyShuffle
SCAN_HOST,2703.514743326909,2713.514743326909,10.0,-1,-1,None,None,0,239,9,[],None,None
ENUM_HOST,2713.514743326909,2728.514743326909,15.0,-1,-1,None,None,0,239,9,[],None,None
SCAN_PORT,2728.514743326909,2741.6403932681415,13.125649941232496,24,95a99cfd-dece-4f42-aa76-adc93c30c6ad,None,None,4,239,9,[],network,IPShuffle
SCAN_HOST,2743.6403932681415,2753.6403932681415,10.0,-1,-1,None,None,0,239,9,[],None,None
ENUM_HOST,2753.6403932681415,2768.6403932681415,15.0,-1,-1,None,None,0,239,9,[],None,None
SCAN_PORT,2768.6403932681415,2788.6403932681415,20.0,24,95a99cfd-dece-4f42-aa76-adc93c30c6ad,24,95a99cfd-dece-4f42-aa76-adc93c30c6ad,5,239,9,"['Alysa', 'Cyb', 'Silvie', 'Theressa']",None,None
SCAN_NEIGHBOR,2788.6403932681415,2798.6403932681415,10.0,24,95a99cfd-dece-4f42-aa76-adc93c30c6ad,None,None,5,239,10,[],None,None
ENUM_HOST,2798.6403932681415,2813.6403932681415,15.0,24,95a99cfd-dece-4f42-aa76-adc93c30c6ad,None,None,5,239,10,[],None,None
SCAN_PORT,2813.6403932681415,2833.6403932681415,20.0,47,1f7dca47-4876-4ce3-8e40-5260b0821f40,47,1f7dca47-4876-4ce3-8e40-5260b0821f40,1,239,10,"['Shelby', 'Florencia']",None,None
SCAN_NEIGHBOR,2833.6403932681415,2843.6403932681415,10.0,47,1f7dca47-4876-4ce3-8e40-5260b0821f40,None,None,1,239,11,[],None,None
ENUM_HOST,2843.6403932681415,2857.346941355763,13.70654808762174,47,1f7dca47-4876-4ce3-8e40-5260b0821f40,None,None,1,239,11,[],network,CompleteTopologyShuffle
SCAN_HOST,2859.346941355763,2869.346941355763,10.0,-1,-1,None,None,0,239,11,[],None,None
ENUM_HOST,2869.346941355763,2884.346941355763,15.0,-1,-1,None,None,0,239,11,[],None,None
SCAN_PORT,2884.346941355763,2902.3815887038913,18.034647348128146,23,8824bc50-06f2-42b7-a4d7-c868b01bc24c,None,None,1,239,11,[],network,HostTopologyShuffle
SCAN_HOST,2904.3815887038913,2914.3815887038913,10.0,-1,-1,None,None,0,239,11,[],None,None
ENUM_HOST,2914.3815887038913,2929.3815887038913,15.0,-1,-1,None,None,0,239,11,[],None,None
SCAN_PORT,2929.3815887038913,2942.461571549653,13.079982845761606,51,8824bc50-06f2-42b7-a4d7-c868b01bc24c,None,None,2,239,11,[],network,IPShuffle
SCAN_HOST,2944.461571549653,2954.461571549653,10.0,-1,-1,None,None,0,239,11,[],None,None
ENUM_HOST,2954.461571549653,2969.461571549653,15.0,-1,-1,None,None,0,239,11,[],None,None
SCAN_PORT,2969.461571549653,2989.461571549653,20.0,40,0eab3ebd-febf-49ca-a480-2278926e5830,40,0eab3ebd-febf-49ca-a480-2278926e5830,1,239,11,"['Sarah', 'Jania', 'Dolly']",None,None
SCAN_NEIGHBOR,2989.461571549653,2999.461571549653,10.0,40,0eab3ebd-febf-49ca-a480-2278926e5830,None,None,1,239,12,[],None,None
ENUM_HOST,2999.461571549653,3014.461571549653,15.0,40,0eab3ebd-febf-49ca-a480-2278926e5830,None,None,1,239,12,[],None,None
ENUM_HOST,3014.461571549653,3029.461571549653,15.0,40,0eab3ebd-febf-49ca-a480-2278926e5830,None,None,2,239,12,[],None,None
SCAN_PORT,3029.461571549653,3042.9027934594446,13.441221909791693,55,698bab3f-a896-491f-a645-bbd816908bc0,None,None,1,239,12,[],application,OSDiversity
SCAN_PORT,3044.9027934594446,3057.4680798753684,12.565286415923765,55,698bab3f-a896-491f-a645-bbd816908bc0,None,None,1,239,12,[],network,CompleteTopologyShuffle
SCAN_HOST,3059.4680798753684,3069.4680798753684,10.0,-1,-1,None,None,0,239,12,[],None,None
ENUM_HOST,3069.4680798753684,3084.4680798753684,15.0,-1,-1,None,None,0,239,12,[],None,None
SCAN_PORT,3084.4680798753684,3102.7940372954904,18.325957420121995,34,351ee4de-da6f-4223-b217-d8c787cb6af6,None,None,1,239,12,[],network,HostTopologyShuffle
SCAN_HOST,3104.7940372954904,3114.7940372954904,10.0,-1,-1,None,None,0,239,12,[],None,None
ENUM_HOST,3114.7940372954904,3129.7940372954904,15.0,-1,-1,None,None,0,239,12,[],None,None
SCAN_PORT,3129.7940372954904,3142.8136664920244,13.01962919653397,44,f3157714-901f-49d9-a858-89fffff07dd7,None,None,2,239,12,[],network,IPShuffle
SCAN_HOST,3144.8136664920244,3154.8136664920244,10.0,-1,-1,None,None,0,239,12,[],None,None
ENUM_HOST,3154.8136664920244,3169.8136664920244,15.0,-1,-1,None,None,0,239,12,[],None,None
SCAN_PORT,3169.8136664920244,3189.8136664920244,20.0,49,b5c182d8-4422-408d-a419-d6a9622effef,None,None,2,239,12,[],None,None
EXPLOIT_VULN,3189.8136664920244,3215.8201199595023,26.006453467477968,49,b5c182d8-4422-408d-a419-d6a9622effef,49,b5c182d8-4422-408d-a419-d6a9622effef,2,239,12,"['Liane', 'Giuditta', 'Celeste', 'Moselle']",None,None
SCAN_NEIGHBOR,3215.8201199595023,3225.8201199595023,10.0,49,b5c182d8-4422-408d-a419-d6a9622effef,None,None,2,244,13,[],None,None
ENUM_HOST,3225.8201199595023,3240.8201199595023,15.0,49,b5c182d8-4422-408d-a419-d6a9622effef,None,None,2,244,13,[],None,None
ENUM_HOST,3240.8201199595023,3255.8201199595023,15.0,49,b5c182d8-4422-408d-a419-d6a9622effef,None,None,3,244,13,[],None,None
SCAN_PORT,3255.8201199595023,3258.583825556435,2.7637055969325957,36,2ff66f73-c852-483c-9ac4-bab0456cf006,None,None,1,244,13,[],network,CompleteTopologyShuffle
SCAN_HOST,3260.583825556435,3270.583825556435,10.0,-1,-1,None,None,0,244,13,[],None,None
ENUM_HOST,3270.583825556435,3285.583825556435,15.0,-1,-1,None,None,0,244,13,[],None,None
SCAN_PORT,3285.583825556435,3304.350585103254,18.76675954681923,21,5dd90045-55f5-4083-8157-93d7356dade4,None,None,2,244,13,[],network,HostTopologyShuffle
SCAN_HOST,3306.350585103254,3316.350585103254,10.0,-1,-1,None,None,0,244,13,[],None,None
ENUM_HOST,3316.350585103254,3331.350585103254,15.0,-1,-1,None,None,0,244,13,[],None,None
SCAN_PORT,3331.350585103254,3344.3847502055796,13.03416510232546,50,55cee18c-635d-47d3-8450-3b708a685f69,None,None,1,244,13,[],network,IPShuffle
SCAN_HOST,3346.3847502055796,3356.3847502055796,10.0,-1,-1,None,None,0,244,13,[],None,None
ENUM_HOST,3356.3847502055796,3371.3847502055796,15.0,-1,-1,None,None,0,244,13,[],None,None
SCAN_PORT,3371.3847502055796,3391.3847502055796,20.0,30,a298fb5d-6226-41f2-b1b4-f703a7414e11,None,None,2,244,13,[],None,None
EXPLOIT_VULN,3391.3847502055796,3416.6740144540468,25.289264248467134,30,a298fb5d-6226-41f2-b1b4-f703a7414e11,30,a298fb5d-6226-41f2-b1b4-f703a7414e11,2,244,13,"['Freddie', 'Philippe', 'Rosemonde', 'Alessandra']",None,None
SCAN_NEIGHBOR,3416.6740144540468,3426.6740144540468,10.0,30,a298fb5d-6226-41f2-b1b4-f703a7414e11,None,None,2,260,14,[],None,None
ENUM_HOST,3426.6740144540468,3441.6740144540468,15.0,30,a298fb5d-6226-41f2-b1b4-f703a7414e11,None,None,2,260,14,[],None,None
SCAN_PORT,3441.6740144540468,3446.0645405249184,4.390526070871601,50,55cee18c-635d-47d3-8450-3b708a685f69,None,None,2,260,14,[],application,OSDiversity
SCAN_PORT,3448.0645405249184,3460.9773064880596,12.912765963141283,50,55cee18c-635d-47d3-8450-3b708a685f69,None,None,2,260,14,[],network,CompleteTopologyShuffle
SCAN_HOST,3462.9773064880596,3472.9773064880596,10.0,-1,-1,None,None,0,260,14,[],None,None
ENUM_HOST,3472.9773064880596,3487.9773064880596,15.0,-1,-1,None,None,0,260,14,[],None,None
SCAN_PORT,3487.9773064880596,3506.161284775178,18.183978287118407,39,8094a805-eacb-4ad8-ab9d-59975b7fc2bd,None,None,1,260,14,[],network,HostTopologyShuffle
SCAN_HOST,3508.161284775178,3518.161284775178,10.0,-1,-1,None,None,0,260,14,[],None,None
ENUM_HOST,3518.161284775178,3533.161284775178,15.0,-1,-1,None,None,0,260,14,[],None,None
SCAN_PORT,3533.161284775178,3546.3009083891843,13.139623614006268,46,698bab3f-a896-491f-a645-bbd816908bc0,None,None,2,260,14,[],network,IPShuffle
SCAN_HOST,3548.3009083891843,3558.3009083891843,10.0,-1,-1,None,None,0,260,14,[],None,None
ENUM_HOST,3558.3009083891843,3573.3009083891843,15.0,-1,-1,None,None,0,260,14,[],None,None
SCAN_PORT,3573.3009083891843,3593.3009083891843,20.0,42,12e432b6-c0b8-4f02-8065-7c6be3de8f42,None,None,2,260,14,[],None,None
EXPLOIT_VULN,3593.3009083891843,3620.2397195769854,26.938811187801093,42,12e432b6-c0b8-4f02-8065-7c6be3de8f42,None,None,2,260,14,[],None,None
BRUTE_FORCE,3620.2397195769854,3635.2397195769854,15.0,42,12e432b6-c0b8-4f02-8065-7c6be3de8f42,None,None,2,266,14,[],None,None
ENUM_HOST,3635.2397195769854,3650.2397195769854,15.0,42,12e432b6-c0b8-4f02-8065-7c6be3de8f42,None,None,2,266,14,[],None,None
SCAN_PORT,3650.2397195769854,3660.8839914141904,10.644271837204997,33,565a2666-36da-4c95-95a6-327b0920e93e,None,None,1,266,14,[],network,CompleteTopologyShuffle
SCAN_HOST,3662.8839914141904,3672.8839914141904,10.0,-1,-1,None,None,0,266,14,[],None,None
ENUM_HOST,3672.8839914141904,3687.8839914141904,15.0,-1,-1,None,None,0,266,14,[],None,None
SCAN_PORT,3687.8839914141904,3706.01016221147,18.12617079727943,52,8824bc50-06f2-42b7-a4d7-c868b01bc24c,None,None,1,266,14,[],network,HostTopologyShuffle
SCAN_HOST,3708.01016221147,3718.01016221147,10.0,-1,-1,None,None,0,266,14,[],None,None
ENUM_HOST,3718.01016221147,3733.01016221147,15.0,-1,-1,None,None,0,266,14,[],None,None
SCAN_PORT,3733.01016221147,3746.8426370370585,13.832474825588633,43,5f5c967a-9c43-4f45-bc53-88382b0909bc,None,None,1,266,14,[],network,IPShuffle
SCAN_HOST,3748.8426370370585,3758.8426370370585,10.0,-1,-1,None,None,0,266,14,[],None,None
ENUM_HOST,3758.8426370370585,3773.8426370370585,15.0,-1,-1,None,None,0,266,14,[],None,None
SCAN_PORT,3773.8426370370585,3793.8426370370585,20.0,56,55cee18c-635d-47d3-8450-3b708a685f69,None,None,2,266,14,[],None,None
EXPLOIT_VULN,3793.8426370370585,3818.933847262583,25.09121022552472,56,55cee18c-635d-47d3-8450-3b708a685f69,56,55cee18c-635d-47d3-8450-3b708a685f69,2,266,14,"['Belia', 'Brittany', 'Perle', 'Margarete']",None,None
SCAN_NEIGHBOR,3818.933847262583,3828.933847262583,10.0,56,55cee18c-635d-47d3-8450-3b708a685f69,None,None,2,298,15,[],None,None
ENUM_HOST,3828.933847262583,3843.933847262583,15.0,56,55cee18c-635d-47d3-8450-3b708a685f69,None,None,2,298,15,[],None,None
SCAN_PORT,3843.933847262583,3846.8440591228946,2.9102118603113922,24,818bf591-46c0-421b-a6c5-e91d2f533290,None,None,6,298,15,[],application,OSDiversity
SCAN_PORT,3848.8440591228946,3861.9653835013733,13.121324378478675,24,818bf591-46c0-421b-a6c5-e91d2f533290,None,None,6,298,15,[],network,CompleteTopologyShuffle
SCAN_HOST,3863.9653835013733,3873.9653835013733,10.0,-1,-1,None,None,0,298,15,[],None,None
ENUM_HOST,3873.9653835013733,3888.9653835013733,15.0,-1,-1,None,None,0,298,15,[],None,None
SCAN_PORT,3888.9653835013733,3907.5441965910663,18.578813089693085,52,2ff66f73-c852-483c-9ac4-bab0456cf006,None,None,2,298,15,[],network,HostTopologyShuffle
SCAN_HOST,3909.5441965910663,3919.5441965910663,10.0,-1,-1,None,None,0,298,15,[],None,None
ENUM_HOST,3919.5441965910663,3934.5441965910663,15.0,-1,-1,None,None,0,298,15,[],None,None
SCAN_PORT,3934.5441965910663,3947.976961319316,13.432764728249822,52,818bf591-46c0-421b-a6c5-e91d2f533290,None,None,3,298,15,[],network,IPShuffle
SCAN_HOST,3949.976961319316,3959.976961319316,10.0,-1,-1,None,None,0,298,15,[],None,None
ENUM_HOST,3959.976961319316,3974.976961319316,15.0,-1,-1,None,None,0,298,15,[],None,None
SCAN_PORT,3974.976961319316,3994.976961319316,20.0,52,818bf591-46c0-421b-a6c5-e91d2f533290,None,None,4,298,15,[],None,None
EXPLOIT_VULN,3994.976961319316,4025.851079458262,30.87411813894596,52,818bf591-46c0-421b-a6c5-e91d2f533290,52,818bf591-46c0-421b-a6c5-e91d2f533290,4,298,15,"['Cynthy', 'Corrina', 'Konstanze']",None,None
SCAN_NEIGHBOR,4025.851079458262,4035.851079458262,10.0,52,818bf591-46c0-421b-a6c5-e91d2f533290,None,None,4,315,16,[],None,None
ENUM_HOST,4035.851079458262,4050.851079458262,15.0,52,818bf591-46c0-421b-a6c5-e91d2f533290,None,None,4,315,16,[],None,None
ENUM_HOST,4050.851079458262,4063.576606695446,12.725527237183996,52,818bf591-46c0-421b-a6c5-e91d2f533290,None,None,5,315,16,[],network,CompleteTopologyShuffle
SCAN_HOST,4065.576606695446,4075.576606695446,10.0,-1,-1,None,None,0,315,16,[],None,None
ENUM_HOST,4075.576606695446,4090.576606695446,15.0,-1,-1,None,None,0,315,16,[],None,None
SCAN_PORT,4090.576606695446,4109.325042196197,18.748435500750475,38,8094a805-eacb-4ad8-ab9d-59975b7fc2bd,None,None,1,315,16,[],network,HostTopologyShuffle
SCAN_HOST,4111.325042196197,4121.325042196197,10.0,-1,-1,None,None,0,315,16,[],None,None
ENUM_HOST,4121.325042196197,4136.325042196197,15.0,-1,-1,None,None,0,315,16,[],None,None
SCAN_PORT,4136.325042196197,4149.531230667035,13.206188470838242,30,4401cd2c-7c16-424f-a3c4-505daacf2001,None,None,3,315,16,[],network,IPShuffle
SCAN_HOST,4151.531230667035,4161.531230667035,10.0,-1,-1,None,None,0,315,16,[],None,None
ENUM_HOST,4161.531230667035,4176.531230667035,15.0,-1,-1,None,None,0,315,16,[],None,None
SCAN_PORT,4176.531230667035,4196.531230667035,20.0,29,fbc9067b-488d-4ec1-9e6b-6dde582c1bff,None,None,2,315,16,[],None,None
EXPLOIT_VULN,4196.531230667035,4222.060536061768,25.529305394733456,29,fbc9067b-488d-4ec1-9e6b-6dde582c1bff,29,fbc9067b-488d-4ec1-9e6b-6dde582c1bff,2,315,16,"['Anatola', 'Elise', 'Clarine', 'Anabella', 'Melantha']",None,None
SCAN_NEIGHBOR,4222.060536061768,4232.060536061768,10.0,29,fbc9067b-488d-4ec1-9e6b-6dde582c1bff,None,None,2,319,17,[],None,None
ENUM_HOST,4232.060536061768,4247.060536061768,15.0,29,fbc9067b-488d-4ec1-9e6b-6dde582c1bff,None,None,2,319,17,[],None,None
ENUM_HOST,4247.060536061768,4262.060536061768,15.0,29,fbc9067b-488d-4ec1-9e6b-6dde582c1bff,None,None,3,319,17,[],None,None
ENUM_HOST,4262.060536061768,4262.709375695331,0.6488396335626021,29,fbc9067b-488d-4ec1-9e6b-6dde582c1bff,None,None,4,319,17,[],network,CompleteTopologyShuffle
SCAN_HOST,4264.709375695331,4274.709375695331,10.0,-1,-1,None,None,0,319,17,[],None,None
ENUM_HOST,4274.709375695331,4289.709375695331,15.0,-1,-1,None,None,0,319,17,[],None,None
SCAN_PORT,4289.709375695331,4308.4006890612645,18.691313365933638,33,2ff66f73-c852-483c-9ac4-bab0456cf006,None,None,2,319,17,[],network,HostTopologyShuffle
SCAN_HOST,4310.4006890612645,4320.4006890612645,10.0,-1,-1,None,None,0,319,17,[],None,None
ENUM_HOST,4320.4006890612645,4335.4006890612645,15.0,-1,-1,None,None,0,319,17,[],None,None
SCAN_PORT,4335.4006890612645,4348.475737847089,13.075048785824038,40,8094a805-eacb-4ad8-ab9d-59975b7fc2bd,None,None,3,319,17,[],network,IPShuffle
SCAN_HOST,4350.475737847089,4360.475737847089,10.0,-1,-1,None,None,0,319,17,[],None,None
ENUM_HOST,4360.475737847089,4375.475737847089,15.0,-1,-1,None,None,0,319,17,[],None,None
SCAN_PORT,4375.475737847089,4395.475737847089,20.0,20,e5498856-03fa-4368-83a8-f8541ee7c0d0,20,e5498856-03fa-4368-83a8-f8541ee7c0d0,2,319,17,"['Jemmy', 'Gwenora', 'Malina']",None,None
SCAN_NEIGHBOR,4395.475737847089,4405.475737847089,10.0,20,e5498856-03fa-4368-83a8-f8541ee7c0d0,None,None,2,319,18,[],None,None
ENUM_HOST,4405.475737847089,4420.475737847089,15.0,20,e5498856-03fa-4368-83a8-f8541ee7c0d0,None,None,2,319,18,[],None,None
ENUM_HOST,4420.475737847089,4435.475737847089,15.0,20,e5498856-03fa-4368-83a8-f8541ee7c0d0,None,None,3,319,18,[],None,None
ENUM_HOST,4435.475737847089,4450.475737847089,15.0,20,e5498856-03fa-4368-83a8-f8541ee7c0d0,None,None,4,319,18,[],None,None
SCAN_PORT,4450.475737847089,4463.16237794927,12.686640102181627,26,abda0385-253f-4c8e-a866-20e5018befc8,None,None,3,319,18,[],network,CompleteTopologyShuffle
SCAN_HOST,4465.16237794927,4475.16237794927,10.0,-1,-1,None,None,0,319,18,[],None,None
ENUM_HOST,4475.16237794927,4490.16237794927,15.0,-1,-1,None,None,0,319,18,[],None,None
SCAN_PORT,4490.16237794927,4508.379124823205,18.216746873934426,29,d4aacc4e-0429-477c-9a70-fd2f9231f793,None,None,5,319,18,[],network,HostTopologyShuffle
SCAN_HOST,4510.379124823205,4520.379124823205,10.0,-1,-1,None,None,0,319,18,[],None,None
ENUM_HOST,4520.379124823205,4535.379124823205,15.0,-1,-1,None,None,0,319,18,[],None,None
SCAN_PORT,4535.379124823205,4548.420917313553,13.041792490348598,40,0055683f-2b18-4377-9783-2ebbc6ac1d4c,None,None,4,319,18,[],network,IPShuffle
SCAN_HOST,4550.420917313553,4560.420917313553,10.0,-1,-1,None,None,0,319,18,[],None,None
ENUM_HOST,4560.420917313553,4575.420917313553,15.0,-1,-1,None,None,0,319,18,[],None,None
SCAN_PORT,4575.420917313553,4595.420917313553,20.0,30,e9cc3c04-bb73-4fec-b1b6-2885d1b2eb43,None,None,4,319,18,[],None,None
EXPLOIT_VULN,4595.420917313553,4622.674915101597,27.253997788044217,30,e9cc3c04-bb73-4fec-b1b6-2885d1b2eb43,30,e9cc3c04-bb73-4fec-b1b6-2885d1b2eb43,4,319,18,"['Adriaens', 'Maryann']",None,None
SCAN_NEIGHBOR,4622.674915101597,4632.674915101597,10.0,30,e9cc3c04-bb73-4fec-b1b6-2885d1b2eb43,None,None,4,333,19,[],None,None
ENUM_HOST,4632.674915101597,4647.674915101597,15.0,30,e9cc3c04-bb73-4fec-b1b6-2885d1b2eb43,None,None,4,333,19,[],None,None
ENUM_HOST,4647.674915101597,4662.674915101597,15.0,30,e9cc3c04-bb73-4fec-b1b6-2885d1b2eb43,None,None,5,333,19,[],None,None
ENUM_HOST,4662.674915101597,4663.330319952002,0.6554048504049206,30,e9cc3c04-bb73-4fec-b1b6-2885d1b2eb43,None,None,6,333,19,[],network,CompleteTopologyShuffle
SCAN_HOST,4665.330319952002,4675.330319952002,10.0,-1,-1,None,None,0,333,19,[],None,None
ENUM_HOST,4675.330319952002,4690.330319952002,15.0,-1,-1,None,None,0,333,19,[],None,None
SCAN_PORT,4690.330319952002,4708.467922685593,18.13760273359094,22,764b2246-4a3f-4f4c-aef4-fbbb287baf9b,None,None,6,333,19,[],network,HostTopologyShuffle
SCAN_HOST,4710.467922685593,4720.467922685593,10.0,-1,-1,None,None,0,333,19,[],None,None
ENUM_HOST,4720.467922685593,4735.467922685593,15.0,-1,-1,None,None,0,333,19,[],None,None
SCAN_PORT,4735.467922685593,4748.472621212516,13.004698526922766,46,7154c364-6202-40ee-9d34-60d53137c2d8,None,None,3,333,19,[],network,IPShuffle
SCAN_HOST,4750.472621212516,4760.472621212516,10.0,-1,-1,None,None,0,333,19,[],None,None
ENUM_HOST,4760.472621212516,4775.472621212516,15.0,-1,-1,None,None,0,333,19,[],None,None
SCAN_PORT,4775.472621212516,4795.472621212516,20.0,56,764b2246-4a3f-4f4c-aef4-fbbb287baf9b,None,None,3,333,19,[],None,None
EXPLOIT_VULN,4795.472621212516,4820.534185883191,25.06156467067467,56,764b2246-4a3f-4f4c-aef4-fbbb287baf9b,56,764b2246-4a3f-4f4c-aef4-fbbb287baf9b,3,333,19,"['Marice', 'Jo', 'Heidie']",None,None
SCAN_NEIGHBOR,4820.534185883191,4830.534185883191,10.0,56,764b2246-4a3f-4f4c-aef4-fbbb287baf9b,None,None,3,362,20,[],None,None
ENUM_HOST,4830.534185883191,4845.534185883191,15.0,56,764b2246-4a3f-4f4c-aef4-fbbb287baf9b,None,None,3,362,20,[],None,None
ENUM_HOST,4845.534185883191,4860.534185883191,15.0,56,764b2246-4a3f-4f4c-aef4-fbbb287baf9b,None,None,4,362,20,[],None,None
SCAN_PORT,4860.534185883191,4864.965053615198,4.4308677320068455,23,f3157714-901f-49d9-a858-89fffff07dd7,None,None,2,362,20,[],network,CompleteTopologyShuffle
SCAN_HOST,4866.965053615198,4876.965053615198,10.0,-1,-1,None,None,0,362,20,[],None,None
ENUM_HOST,4876.965053615198,4891.965053615198,15.0,-1,-1,None,None,0,362,20,[],None,None
SCAN_PORT,4891.965053615198,4910.551711365233,18.586657750035556,37,139caaee-efad-4557-941a-ac5c652146c5,None,None,1,362,20,[],network,HostTopologyShuffle
SCAN_HOST,4912.551711365233,4922.551711365233,10.0,-1,-1,None,None,0,362,20,[],None,None
ENUM_HOST,4922.551711365233,4937.551711365233,15.0,-1,-1,None,None,0,362,20,[],None,None
SCAN_PORT,4937.551711365233,4951.996274376632,14.444563011398714,55,d4aacc4e-0429-477c-9a70-fd2f9231f793,None,None,2,362,20,[],network,IPShuffle
SCAN_HOST,4953.996274376632,4963.996274376632,10.0,-1,-1,None,None,0,362,20,[],None,None
ENUM_HOST,4963.996274376632,4978.996274376632,15.0,-1,-1,None,None,0,362,20,[],None,None
SCAN_PORT,4978.996274376632,4998.996274376632,20.0,27,8094a805-eacb-4ad8-ab9d-59975b7fc2bd,None,None,4,362,20,[],None,None
EXPLOIT_VULN,4998.996274376632,5024.068150304556,25.07187592792434,27,8094a805-eacb-4ad8-ab9d-59975b7fc2bd,27,8094a805-eacb-4ad8-ab9d-59975b7fc2bd,4,362,20,"['Dorris', 'Ashlie', 'Tandie', 'Martina']",None,None
SCAN_NEIGHBOR,5024.068150304556,5034.068150304556,10.0,27,8094a805-eacb-4ad8-ab9d-59975b7fc2bd,None,None,4,381,21,[],None,None
ENUM_HOST,5034.068150304556,5049.068150304556,15.0,27,8094a805-eacb-4ad8-ab9d-59975b7fc2bd,None,None,4,381,21,[],None,None
ENUM_HOST,5049.068150304556,5064.068150304556,15.0,27,8094a805-eacb-4ad8-ab9d-59975b7fc2bd,None,None,5,381,21,[],None,None
ENUM_HOST,5064.068150304556,5065.02197126057,0.9538209560141695,27,8094a805-eacb-4ad8-ab9d-59975b7fc2bd,None,None,6,381,21,[],network,CompleteTopologyShuffle
SCAN_HOST,5067.02197126057,5077.02197126057,10.0,-1,-1,None,None,0,381,21,[],None,None
ENUM_HOST,5077.02197126057,5092.02197126057,15.0,-1,-1,None,None,0,381,21,[],None,None
SCAN_PORT,5092.02197126057,5111.148142985324,19.126171724753476,34,86cb4e99-fd28-45c9-8c82-6d955a80d2a4,None,None,2,381,21,[],network,HostTopologyShuffle
SCAN_HOST,5113.148142985324,5123.148142985324,10.0,-1,-1,None,None,0,381,21,[],None,None
ENUM_HOST,5123.148142985324,5138.148142985324,15.0,-1,-1,None,None,0,381,21,[],None,None
SCAN_PORT,5138.148142985324,5152.905448368433,14.75730538310927,35,fe0d41b8-5aaf-49ec-ba7a-5dae358ab23b,None,None,1,381,21,[],network,IPShuffle
SCAN_HOST,5154.905448368433,5164.905448368433,10.0,-1,-1,None,None,0,381,21,[],None,None
ENUM_HOST,5164.905448368433,5179.905448368433,15.0,-1,-1,None,None,0,381,21,[],None,None
SCAN_PORT,5179.905448368433,5199.905448368433,20.0,22,351ee4de-da6f-4223-b217-d8c787cb6af6,None,None,7,381,21,[],None,None
EXPLOIT_VULN,5199.905448368433,5225.192865441338,25.287417072904645,22,351ee4de-da6f-4223-b217-d8c787cb6af6,22,351ee4de-da6f-4223-b217-d8c787cb6af6,7,381,21,"['Ginnifer', 'Dolores', 'Faydra']",None,None
SCAN_NEIGHBOR,5225.192865441338,5235.192865441338,10.0,22,351ee4de-da6f-4223-b217-d8c787cb6af6,None,None,7,382,22,[],None,None
ENUM_HOST,5235.192865441338,5250.192865441338,15.0,22,351ee4de-da6f-4223-b217-d8c787cb6af6,None,None,7,382,22,[],None,None
ENUM_HOST,5250.192865441338,5265.192865441338,15.0,22,351ee4de-da6f-4223-b217-d8c787cb6af6,None,None,8,382,22,[],None,None
ENUM_HOST,5265.192865441338,5266.5660258180405,1.3731603767027991,22,351ee4de-da6f-4223-b217-d8c787cb6af6,None,None,9,382,22,[],network,CompleteTopologyShuffle
SCAN_HOST,5268.5660258180405,5278.5660258180405,10.0,-1,-1,None,None,0,382,22,[],None,None
ENUM_HOST,5278.5660258180405,5293.5660258180405,15.0,-1,-1,None,None,0,382,22,[],None,None
SCAN_PORT,5293.5660258180405,5311.816449112776,18.25042329473581,23,abda0385-253f-4c8e-a866-20e5018befc8,None,None,3,382,22,[],network,HostTopologyShuffle
SCAN_HOST,5313.816449112776,5323.816449112776,10.0,-1,-1,None,None,0,382,22,[],None,None
ENUM_HOST,5323.816449112776,5338.816449112776,15.0,-1,-1,None,None,0,382,22,[],None,None
SCAN_PORT,5338.816449112776,5351.841207406591,13.024758293814557,41,8824bc50-06f2-42b7-a4d7-c868b01bc24c,None,None,3,382,22,[],network,IPShuffle
SCAN_HOST,5353.841207406591,5363.841207406591,10.0,-1,-1,None,None,0,382,22,[],None,None
ENUM_HOST,5363.841207406591,5378.841207406591,15.0,-1,-1,None,None,0,382,22,[],None,None
SCAN_PORT,5378.841207406591,5398.841207406591,20.0,24,abda0385-253f-4c8e-a866-20e5018befc8,24,abda0385-253f-4c8e-a866-20e5018befc8,7,382,22,[],None,None
SCAN_NEIGHBOR,5398.841207406591,5408.841207406591,10.0,24,abda0385-253f-4c8e-a866-20e5018befc8,None,None,7,382,23,[],None,None
ENUM_HOST,5408.841207406591,5423.841207406591,15.0,24,abda0385-253f-4c8e-a866-20e5018befc8,None,None,7,382,23,[],None,None
ENUM_HOST,5423.841207406591,5438.841207406591,15.0,24,abda0385-253f-4c8e-a866-20e5018befc8,None,None,8,382,23,[],None,None
ENUM_HOST,5438.841207406591,5453.841207406591,15.0,24,abda0385-253f-4c8e-a866-20e5018befc8,None,None,9,382,23,[],None,None
ENUM_HOST,5453.841207406591,5465.824782366414,11.983574959823272,24,abda0385-253f-4c8e-a866-20e5018befc8,None,None,10,382,23,[],network,CompleteTopologyShuffle
SCAN_HOST,5467.824782366414,5477.824782366414,10.0,-1,-1,None,None,0,382,23,[],None,None
ENUM_HOST,5477.824782366414,5492.824782366414,15.0,-1,-1,None,None,0,382,23,[],None,None
SCAN_PORT,5492.824782366414,5511.651498205142,18.826715838727978,54,139caaee-efad-4557-941a-ac5c652146c5,None,None,3,382,23,[],network,HostTopologyShuffle
SCAN_HOST,5513.651498205142,5523.651498205142,10.0,-1,-1,None,None,0,382,23,[],None,None
ENUM_HOST,5523.651498205142,5538.651498205142,15.0,-1,-1,None,None,0,382,23,[],None,None
SCAN_PORT,5538.651498205142,5554.96891934069,16.317421135548102,32,b21b6cd4-109b-49c7-9514-1c93ccc56be1,None,None,2,382,23,[],network,IPShuffle
SCAN_HOST,5556.96891934069,5566.96891934069,10.0,-1,-1,None,None,0,382,23,[],None,None
ENUM_HOST,5566.96891934069,5581.96891934069,15.0,-1,-1,None,None,0,382,23,[],None,None
SCAN_PORT,5581.96891934069,5601.96891934069,20.0,53,f3157714-901f-49d9-a858-89fffff07dd7,None,None,6,382,23,[],None,None
EXPLOIT_VULN,5601.96891934069,5629.070622639577,27.101703298886605,53,f3157714-901f-49d9-a858-89fffff07dd7,53,f3157714-901f-49d9-a858-89fffff07dd7,6,382,23,['Donny'],None,None
SCAN_NEIGHBOR,5629.070622639577,5639.070622639577,10.0,53,f3157714-901f-49d9-a858-89fffff07dd7,None,None,6,402,24,[],None,None
ENUM_HOST,5639.070622639577,5654.070622639577,15.0,53,f3157714-901f-49d9-a858-89fffff07dd7,None,None,6,402,24,[],None,None
ENUM_HOST,5654.070622639577,5666.937888827808,12.867266188231042,53,f3157714-901f-49d9-a858-89fffff07dd7,None,None,7,402,24,[],network,CompleteTopologyShuffle
SCAN_HOST,5668.937888827808,5678.937888827808,10.0,-1,-1,None,None,0,402,24,[],None,None
ENUM_HOST,5678.937888827808,5693.937888827808,15.0,-1,-1,None,None,0,402,24,[],None,None
SCAN_PORT,5693.937888827808,5712.090124515821,18.152235688013207,35,8824bc50-06f2-42b7-a4d7-c868b01bc24c,None,None,2,402,24,[],network,HostTopologyShuffle
SCAN_HOST,5714.090124515821,5724.090124515821,10.0,-1,-1,None,None,0,402,24,[],None,None
ENUM_HOST,5724.090124515821,5739.090124515821,15.0,-1,-1,None,None,0,402,24,[],None,None
SCAN_PORT,5739.090124515821,5752.633296201354,13.543171685532798,38,43606ed8-221b-4379-820d-42f58ae4d8b0,None,None,2,402,24,[],network,IPShuffle
SCAN_HOST,5754.633296201354,5764.633296201354,10.0,-1,-1,None,None,0,402,24,[],None,None
ENUM_HOST,5764.633296201354,5779.633296201354,15.0,-1,-1,None,None,0,402,24,[],None,None
SCAN_PORT,5779.633296201354,5799.633296201354,20.0,59,698bab3f-a896-491f-a645-bbd816908bc0,None,None,4,402,24,[],None,None
EXPLOIT_VULN,5799.633296201354,5824.969336278682,25.336040077328107,59,698bab3f-a896-491f-a645-bbd816908bc0,59,698bab3f-a896-491f-a645-bbd816908bc0,4,402,24,"['Kandy', 'Norine', 'Maurita']",None,None
SCAN_NEIGHBOR,5824.969336278682,5834.969336278682,10.0,59,698bab3f-a896-491f-a645-bbd816908bc0,None,None,4,403,25,[],None,None
ENUM_HOST,5834.969336278682,5849.969336278682,15.0,59,698bab3f-a896-491f-a645-bbd816908bc0,None,None,4,403,25,[],None,None
ENUM_HOST,5849.969336278682,5864.969336278682,15.0,50,1343d955-c5f2-467d-84ec-f119af2c41c9,None,None,3,403,25,[],None,None
SCAN_PORT,5864.969336278682,5869.495023854695,4.525687576013297,87,28688548-34f8-49ab-ae6f-fc054f0268f9,None,None,1,403,25,[],network,CompleteTopologyShuffle
SCAN_HOST,5871.495023854695,5881.495023854695,10.0,-1,-1,None,None,0,403,25,[],None,None
ENUM_HOST,5881.495023854695,5896.495023854695,15.0,-1,-1,None,None,0,403,25,[],None,None
SCAN_PORT,5896.495023854695,5914.564833336505,18.069809481809898,47,5f5c967a-9c43-4f45-bc53-88382b0909bc,None,None,2,403,25,[],network,HostTopologyShuffle
SCAN_HOST,5916.564833336505,5926.564833336505,10.0,-1,-1,None,None,0,403,25,[],None,None
ENUM_HOST,5926.564833336505,5941.564833336505,15.0,-1,-1,None,None,0,403,25,[],None,None
SCAN_PORT,5941.564833336505,5955.081345829076,13.516512492570655,42,12e432b6-c0b8-4f02-8065-7c6be3de8f42,None,None,3,403,25,[],network,IPShuffle
SCAN_HOST,5957.081345829076,5967.081345829076,10.0,-1,-1,None,None,0,403,25,[],None,None
ENUM_HOST,5967.081345829076,5982.081345829076,15.0,-1,-1,None,None,0,403,25,[],None,None
SCAN_PORT,5982.081345829076,6002.081345829076,20.0,26,2ff66f73-c852-483c-9ac4-bab0456cf006,None,None,4,403,25,[],None,None
EXPLOIT_VULN,6002.081345829076,6028.726289119681,26.644943290604715,26,2ff66f73-c852-483c-9ac4-bab0456cf006,26,2ff66f73-c852-483c-9ac4-bab0456cf006,4,403,25,['Madelina'],None,None
SCAN_NEIGHBOR,6028.726289119681,6038.726289119681,10.0,26,2ff66f73-c852-483c-9ac4-bab0456cf006,None,None,4,422,26,[],None,None
ENUM_HOST,6038.726289119681,6053.726289119681,15.0,26,2ff66f73-c852-483c-9ac4-bab0456cf006,None,None,4,422,26,[],None,None
ENUM_HOST,6053.726289119681,6068.726289119681,15.0,26,2ff66f73-c852-483c-9ac4-bab0456cf006,None,None,5,422,26,[],None,None
ENUM_HOST,6068.726289119681,6069.54354016726,0.8172510475797026,36,1343d955-c5f2-467d-84ec-f119af2c41c9,None,None,2,422,26,[],network,CompleteTopologyShuffle
SCAN_HOST,6071.54354016726,6081.54354016726,10.0,-1,-1,None,None,0,422,26,[],None,None
ENUM_HOST,6081.54354016726,6096.54354016726,15.0,-1,-1,None,None,0,422,26,[],None,None
SCAN_PORT,6096.54354016726,6116.54354016726,20.0,43,139caaee-efad-4557-941a-ac5c652146c5,None,None,2,422,26,[],None,None
EXPLOIT_VULN,6116.54354016726,6117.595013566382,1.051473399121278,43,139caaee-efad-4557-941a-ac5c652146c5,None,None,2,422,26,[],network,HostTopologyShuffle
SCAN_HOST,6119.595013566382,6129.595013566382,10.0,-1,-1,None,None,0,422,26,[],None,None
ENUM_HOST,6129.595013566382,6144.595013566382,15.0,-1,-1,None,None,0,422,26,[],None,None
SCAN_PORT,6144.595013566382,6157.981057076278,13.386043509896808,49,86cb4e99-fd28-45c9-8c82-6d955a80d2a4,None,None,4,422,26,[],network,IPShuffle
SCAN_HOST,6159.981057076278,6169.981057076278,10.0,-1,-1,None,None,0,422,26,[],None,None
ENUM_HOST,6169.981057076278,6184.981057076278,15.0,-1,-1,None,None,0,422,26,[],None,None
SCAN_PORT,6184.981057076278,6204.981057076278,20.0,56,43606ed8-221b-4379-820d-42f58ae4d8b0,None,None,5,422,26,[],None,None
EXPLOIT_VULN,6204.981057076278,6231.086984014575,26.10592693829676,56,43606ed8-221b-4379-820d-42f58ae4d8b0,56,43606ed8-221b-4379-820d-42f58ae4d8b0,5,422,26,"['Agace', 'Celisse', 'Ree']",None,None
SCAN_NEIGHBOR,6231.086984014575,6241.086984014575,10.0,56,43606ed8-221b-4379-820d-42f58ae4d8b0,None,None,5,424,27,[],None,None
ENUM_HOST,6241.086984014575,6256.086984014575,15.0,56,43606ed8-221b-4379-820d-42f58ae4d8b0,None,None,5,424,27,[],None,None
ENUM_HOST,6256.086984014575,6270.398809375394,14.311825360819057,56,43606ed8-221b-4379-820d-42f58ae4d8b0,None,None,6,424,27,[],network,CompleteTopologyShuffle
SCAN_HOST,6272.398809375394,6282.398809375394,10.0,-1,-1,None,None,0,424,27,[],None,None
ENUM_HOST,6282.398809375394,6297.398809375394,15.0,-1,-1,None,None,0,424,27,[],None,None
SCAN_PORT,6297.398809375394,6316.260178978883,18.861369603489038,30,01c5ca44-8597-473d-9622-7c99e7669ad3,None,None,7,424,27,[],network,HostTopologyShuffle
SCAN_HOST,6318.260178978883,6328.260178978883,10.0,-1,-1,None,None,0,424,27,[],None,None
ENUM_HOST,6328.260178978883,6343.260178978883,15.0,-1,-1,None,None,0,424,27,[],None,None
SCAN_PORT,6343.260178978883,6357.043874705863,13.783695726980113,27,139caaee-efad-4557-941a-ac5c652146c5,None,None,7,424,27,[],network,IPShuffle
SCAN_HOST,6359.043874705863,6369.043874705863,10.0,-1,-1,None,None,0,424,27,[],None,None
ENUM_HOST,6369.043874705863,6384.043874705863,15.0,-1,-1,None,None,0,424,27,[],None,None
SCAN_PORT,6384.043874705863,6404.043874705863,20.0,27,139caaee-efad-4557-941a-ac5c652146c5,27,139caaee-efad-4557-941a-ac5c652146c5,8,424,27,"['Lenette', 'Ashlen']",None,None
SCAN_NEIGHBOR,6404.043874705863,6414.043874705863,10.0,27,139caaee-efad-4557-941a-ac5c652146c5,None,None,8,424,28,[],None,None
ENUM_HOST,6414.043874705863,6429.043874705863,15.0,27,139caaee-efad-4557-941a-ac5c652146c5,None,None,8,424,28,[],None,None
ENUM_HOST,6429.043874705863,6444.043874705863,15.0,27,139caaee-efad-4557-941a-ac5c652146c5,None,None,9,424,28,[],None,None
ENUM_HOST,6444.043874705863,6459.043874705863,15.0,27,139caaee-efad-4557-941a-ac5c652146c5,None,None,10,424,28,[],None,None
ENUM_HOST,6459.043874705863,6469.598923074129,10.555048368265489,27,139caaee-efad-4557-941a-ac5c652146c5,None,None,11,424,28,[],network,CompleteTopologyShuffle
SCAN_HOST,6471.598923074129,6481.598923074129,10.0,-1,-1,None,None,0,424,28,[],None,None
ENUM_HOST,6481.598923074129,6496.598923074129,15.0,-1,-1,None,None,0,424,28,[],None,None
SCAN_PORT,6496.598923074129,6515.561475994663,18.962552920534108,39,787317cf-5dd6-4927-88e0-8ee6cf413112,None,None,2,424,28,[],network,HostTopologyShuffle
SCAN_HOST,6517.561475994663,6527.561475994663,10.0,-1,-1,None,None,0,424,28,[],None,None
ENUM_HOST,6527.561475994663,6542.561475994663,15.0,-1,-1,None,None,0,424,28,[],None,None
SCAN_PORT,6542.561475994663,6555.808425969205,13.246949974542076,33,565a2666-36da-4c95-95a6-327b0920e93e,None,None,3,424,28,[],network,IPShuffle
SCAN_HOST,6557.808425969205,6567.808425969205,10.0,-1,-1,None,None,0,424,28,[],None,None
ENUM_HOST,6567.808425969205,6582.808425969205,15.0,-1,-1,None,None,0,424,28,[],None,None
SCAN_PORT,6582.808425969205,6602.808425969205,20.0,26,01c5ca44-8597-473d-9622-7c99e7669ad3,26,01c5ca44-8597-473d-9622-7c99e7669ad3,6,424,28,"['Candy', 'Angelia']",None,None
SCAN_NEIGHBOR,6602.808425969205,6612.808425969205,10.0,26,01c5ca44-8597-473d-9622-7c99e7669ad3,None,None,6,424,29,[],None,None
ENUM_HOST,6612.808425969205,6627.808425969205,15.0,26,01c5ca44-8597-473d-9622-7c99e7669ad3,None,None,6,424,29,[],None,None
ENUM_HOST,6627.808425969205,6642.808425969205,15.0,26,01c5ca44-8597-473d-9622-7c99e7669ad3,None,None,7,424,29,[],None,None
ENUM_HOST,6642.808425969205,6657.808425969205,15.0,26,01c5ca44-8597-473d-9622-7c99e7669ad3,None,None,8,424,29,[],None,None
ENUM_HOST,6657.808425969205,6670.311923940061,12.503497970856188,26,01c5ca44-8597-473d-9622-7c99e7669ad3,None,None,9,424,29,[],network,CompleteTopologyShuffle
SCAN_HOST,6672.311923940061,6682.311923940061,10.0,-1,-1,None,None,0,424,29,[],None,None
ENUM_HOST,6682.311923940061,6697.311923940061,15.0,-1,-1,None,None,0,424,29,[],None,None
SCAN_PORT,6697.311923940061,6715.464735380217,18.152811440155347,57,5f5c967a-9c43-4f45-bc53-88382b0909bc,None,None,2,424,29,[],network,HostTopologyShuffle
SCAN_HOST,6717.464735380217,6727.464735380217,10.0,-1,-1,None,None,0,424,29,[],None,None
ENUM_HOST,6727.464735380217,6742.464735380217,15.0,-1,-1,None,None,0,424,29,[],None,None
SCAN_PORT,6742.464735380217,6755.748765665449,13.284030285232802,42,787317cf-5dd6-4927-88e0-8ee6cf413112,None,None,4,424,29,[],network,IPShuffle
SCAN_HOST,6757.748765665449,6767.748765665449,10.0,-1,-1,None,None,0,424,29,[],None,None
ENUM_HOST,6767.748765665449,6782.748765665449,15.0,-1,-1,None,None,0,424,29,[],None,None
SCAN_PORT,6782.748765665449,6802.748765665449,20.0,42,787317cf-5dd6-4927-88e0-8ee6cf413112,None,None,5,424,29,[],None,None
EXPLOIT_VULN,6802.748765665449,6829.024238333183,26.275472667733993,42,787317cf-5dd6-4927-88e0-8ee6cf413112,42,787317cf-5dd6-4927-88e0-8ee6cf413112,5,424,29,"['Tabbi', 'Anne-Marie', 'Charil']",None,None
SCAN_NEIGHBOR,6829.024238333183,6839.024238333183,10.0,42,787317cf-5dd6-4927-88e0-8ee6cf413112,None,None,5,439,30,[],None,None
ENUM_HOST,6839.024238333183,6854.024238333183,15.0,42,787317cf-5dd6-4927-88e0-8ee6cf413112,None,None,5,439,30,[],None,None
ENUM_HOST,6854.024238333183,6869.024238333183,15.0,42,787317cf-5dd6-4927-88e0-8ee6cf413112,None,None,6,439,30,[],None,None
ENUM_HOST,6869.024238333183,6870.095997371628,1.0717590384447249,42,787317cf-5dd6-4927-88e0-8ee6cf413112,None,None,7,439,30,[],network,CompleteTopologyShuffle
SCAN_HOST,6872.095997371628,6882.095997371628,10.0,-1,-1,None,None,0,439,30,[],None,None
ENUM_HOST,6882.095997371628,6897.095997371628,15.0,-1,-1,None,None,0,439,30,[],None,None
SCAN_PORT,6897.095997371628,6915.143678371797,18.047681000169177,36,b21b6cd4-109b-49c7-9514-1c93ccc56be1,None,None,3,439,30,[],network,HostTopologyShuffle
SCAN_HOST,6917.143678371797,6927.143678371797,10.0,-1,-1,None,None,0,439,30,[],None,None
ENUM_HOST,6927.143678371797,6942.143678371797,15.0,-1,-1,None,None,0,439,30,[],None,None
SCAN_PORT,6942.143678371797,6955.432366062204,13.288687690406732,25,5f5c967a-9c43-4f45-bc53-88382b0909bc,None,None,1,439,30,[],network,IPShuffle
SCAN_HOST,6957.432366062204,6967.432366062204,10.0,-1,-1,None,None,0,439,30,[],None,None
ENUM_HOST,6967.432366062204,6982.432366062204,15.0,-1,-1,None,None,0,439,30,[],None,None
SCAN_PORT,6982.432366062204,7002.432366062204,20.0,25,5f5c967a-9c43-4f45-bc53-88382b0909bc,None,None,2,439,30,[],None,None
EXPLOIT_VULN,7002.432366062204,7027.682467457362,25.2501013951578,25,5f5c967a-9c43-4f45-bc53-88382b0909bc,None,None,2,439,30,[],None,None
BRUTE_FORCE,7027.682467457362,7042.682467457362,15.0,25,5f5c967a-9c43-4f45-bc53-88382b0909bc,None,None,2,448,30,[],None,None
ENUM_HOST,7042.682467457362,7057.682467457362,15.0,25,5f5c967a-9c43-4f45-bc53-88382b0909bc,None,None,2,448,30,[],None,None
SCAN_PORT,7057.682467457362,7071.233177246744,13.550709789382381,25,5f5c967a-9c43-4f45-bc53-88382b0909bc,None,None,3,448,30,[],network,CompleteTopologyShuffle
SCAN_HOST,7073.233177246744,7083.233177246744,10.0,-1,-1,None,None,0,448,30,[],None,None
ENUM_HOST,7083.233177246744,7098.233177246744,15.0,-1,-1,None,None,0,448,30,[],None,None
SCAN_PORT,7098.233177246744,7118.233177246744,20.0,22,fe0d41b8-5aaf-49ec-ba7a-5dae358ab23b,22,fe0d41b8-5aaf-49ec-ba7a-5dae358ab23b,10,448,30,['Felipa'],None,None
SCAN_NEIGHBOR,7118.233177246744,7119.204282141157,0.9711048944127469,22,fe0d41b8-5aaf-49ec-ba7a-5dae358ab23b,None,None,10,448,31,[],network,HostTopologyShuffle
SCAN_HOST,7121.204282141157,7131.204282141157,10.0,-1,-1,None,None,0,448,31,[],None,None
ENUM_HOST,7131.204282141157,7146.204282141157,15.0,-1,-1,None,None,0,448,31,[],None,None
SCAN_PORT,7146.204282141157,7160.052775372941,13.848493231784232,36,d4aacc4e-0429-477c-9a70-fd2f9231f793,None,None,4,448,31,[],network,IPShuffle
SCAN_HOST,7162.052775372941,7172.052775372941,10.0,-1,-1,None,None,0,448,31,[],None,None
ENUM_HOST,7172.052775372941,7187.052775372941,15.0,-1,-1,None,None,0,448,31,[],None,None
SCAN_PORT,7187.052775372941,7207.052775372941,20.0,41,7154c364-6202-40ee-9d34-60d53137c2d8,41,7154c364-6202-40ee-9d34-60d53137c2d8,4,448,31,"['Noreen', 'Merl', 'Leyla']",None,None
SCAN_NEIGHBOR,7207.052775372941,7217.052775372941,10.0,41,7154c364-6202-40ee-9d34-60d53137c2d8,None,None,4,448,32,[],None,None
ENUM_HOST,7217.052775372941,7232.052775372941,15.0,41,7154c364-6202-40ee-9d34-60d53137c2d8,None,None,4,448,32,[],None,None
ENUM_HOST,7232.052775372941,7247.052775372941,15.0,41,7154c364-6202-40ee-9d34-60d53137c2d8,None,None,5,448,32,[],None,None
ENUM_HOST,7247.052775372941,7262.052775372941,15.0,41,7154c364-6202-40ee-9d34-60d53137c2d8,None,None,6,448,32,[],None,None
ENUM_HOST,7262.052775372941,7271.420062890767,9.367287517826298,41,7154c364-6202-40ee-9d34-60d53137c2d8,None,None,7,448,32,[],network,CompleteTopologyShuffle
SCAN_HOST,7273.420062890767,7283.420062890767,10.0,-1,-1,None,None,0,448,32,[],None,None
ENUM_HOST,7283.420062890767,7298.420062890767,15.0,-1,-1,None,None,0,448,32,[],None,None
SCAN_PORT,7298.420062890767,7316.556182048125,18.136119157357825,31,4401cd2c-7c16-424f-a3c4-505daacf2001,None,None,2,448,32,[],network,HostTopologyShuffle
SCAN_HOST,7318.556182048125,7328.556182048125,10.0,-1,-1,None,None,0,448,32,[],None,None
ENUM_HOST,7328.556182048125,7343.556182048125,15.0,-1,-1,None,None,0,448,32,[],None,None
SCAN_PORT,7343.556182048125,7357.222724005412,13.666541957286427,57,5dd90045-55f5-4083-8157-93d7356dade4,None,None,3,448,32,[],network,IPShuffle
SCAN_HOST,7359.222724005412,7369.222724005412,10.0,-1,-1,None,None,0,448,32,[],None,None
ENUM_HOST,7369.222724005412,7384.222724005412,15.0,-1,-1,None,None,0,448,32,[],None,None
SCAN_PORT,7384.222724005412,7404.222724005412,20.0,44,5f5c967a-9c43-4f45-bc53-88382b0909bc,44,5f5c967a-9c43-4f45-bc53-88382b0909bc,3,448,32,"['Kary', 'Shoshanna', 'Simone']",None,None
SCAN_NEIGHBOR,7404.222724005412,7414.222724005412,10.0,44,5f5c967a-9c43-4f45-bc53-88382b0909bc,None,None,3,448,33,[],None,None
ENUM_HOST,7414.222724005412,7429.222724005412,15.0,44,5f5c967a-9c43-4f45-bc53-88382b0909bc,None,None,3,448,33,[],None,None
ENUM_HOST,7429.222724005412,7444.222724005412,15.0,44,5f5c967a-9c43-4f45-bc53-88382b0909bc,None,None,4,448,33,[],None,None
SCAN_PORT,7444.222724005412,7456.815939255482,12.593215250069989,31,d4aacc4e-0429-477c-9a70-fd2f9231f793,None,None,3,448,33,[],application,OSDiversity
SCAN_PORT,7458.815939255482,7472.157354611787,13.341415356305333,31,d4aacc4e-0429-477c-9a70-fd2f9231f793,None,None,3,448,33,[],network,CompleteTopologyShuffle
SCAN_HOST,7474.157354611787,7484.157354611787,10.0,-1,-1,None,None,0,448,33,[],None,None
ENUM_HOST,7484.157354611787,7499.157354611787,15.0,-1,-1,None,None,0,448,33,[],None,None
SCAN_PORT,7499.157354611787,7517.32941046811,18.172055856322913,56,86cb4e99-fd28-45c9-8c82-6d955a80d2a4,None,None,7,448,33,[],network,HostTopologyShuffle
SCAN_HOST,7519.32941046811,7529.32941046811,10.0,-1,-1,None,None,0,448,33,[],None,None
ENUM_HOST,7529.32941046811,7544.32941046811,15.0,-1,-1,None,None,0,448,33,[],None,None
SCAN_PORT,7544.32941046811,7558.394260834403,14.064850366293285,26,d4aacc4e-0429-477c-9a70-fd2f9231f793,None,None,10,448,33,[],network,IPShuffle
SCAN_HOST,7560.394260834403,7570.394260834403,10.0,-1,-1,None,None,0,448,33,[],None,None
ENUM_HOST,7570.394260834403,7585.394260834403,15.0,-1,-1,None,None,0,448,33,[],None,None
SCAN_PORT,7585.394260834403,7605.394260834403,20.0,56,565a2666-36da-4c95-95a6-327b0920e93e,None,None,8,448,33,[],None,None
EXPLOIT_VULN,7605.394260834403,7630.641712228436,25.247451394032396,56,565a2666-36da-4c95-95a6-327b0920e93e,56,565a2666-36da-4c95-95a6-327b0920e93e,8,448,33,"['Aeriel', 'Sharon', 'Cam', 'Florance']",None,None
SCAN_NEIGHBOR,7630.641712228436,7640.641712228436,10.0,56,565a2666-36da-4c95-95a6-327b0920e93e,None,None,8,455,34,[],None,None
ENUM_HOST,7640.641712228436,7655.641712228436,15.0,56,565a2666-36da-4c95-95a6-327b0920e93e,None,None,8,455,34,[],None,None
ENUM_HOST,7655.641712228436,7670.641712228436,15.0,56,565a2666-36da-4c95-95a6-327b0920e93e,None,None,9,455,34,[],None,None
ENUM_HOST,7670.641712228436,7672.562751016625,1.9210387881894349,56,565a2666-36da-4c95-95a6-327b0920e93e,None,None,10,455,34,[],network,CompleteTopologyShuffle
SCAN_HOST,7674.562751016625,7684.562751016625,10.0,-1,-1,None,None,0,455,34,[],None,None
ENUM_HOST,7684.562751016625,7699.562751016625,15.0,-1,-1,None,None,0,455,34,[],None,None
SCAN_PORT,7699.562751016625,7717.993933270883,18.431182254257692,28,12e432b6-c0b8-4f02-8065-7c6be3de8f42,None,None,2,455,34,[],network,HostTopologyShuffle
SCAN_HOST,7719.993933270883,7729.993933270883,10.0,-1,-1,None,None,0,455,34,[],None,None
ENUM_HOST,7729.993933270883,7744.993933270883,15.0,-1,-1,None,None,0,455,34,[],None,None
SCAN_PORT,7744.993933270883,7758.161070111957,13.167136841074353,35,5dd90045-55f5-4083-8157-93d7356dade4,None,None,3,455,34,[],network,IPShuffle
SCAN_HOST,7760.161070111957,7770.161070111957,10.0,-1,-1,None,None,0,455,34,[],None,None
ENUM_HOST,7770.161070111957,7785.161070111957,15.0,-1,-1,None,None,0,455,34,[],None,None
SCAN_PORT,7785.161070111957,7805.161070111957,20.0,35,5dd90045-55f5-4083-8157-93d7356dade4,None,None,4,455,34,[],None,None
EXPLOIT_VULN,7805.161070111957,7830.256798218719,25.09572810676218,35,5dd90045-55f5-4083-8157-93d7356dade4,35,5dd90045-55f5-4083-8157-93d7356dade4,4,455,34,"['Sybille', 'Phaedra']",None,None
SCAN_NEIGHBOR,7830.256798218719,7840.256798218719,10.0,35,5dd90045-55f5-4083-8157-93d7356dade4,None,None,4,465,35,[],None,None
ENUM_HOST,7840.256798218719,7855.256798218719,15.0,35,5dd90045-55f5-4083-8157-93d7356dade4,None,None,4,465,35,[],None,None
ENUM_HOST,7855.256798218719,7870.256798218719,15.0,35,5dd90045-55f5-4083-8157-93d7356dade4,None,None,5,465,35,[],None,None
ENUM_HOST,7870.256798218719,7872.522744153576,2.2659459348569726,35,5dd90045-55f5-4083-8157-93d7356dade4,None,None,6,465,35,[],network,CompleteTopologyShuffle
SCAN_HOST,7874.522744153576,7884.522744153576,10.0,-1,-1,None,None,0,465,35,[],None,None
ENUM_HOST,7884.522744153576,7899.522744153576,15.0,-1,-1,None,None,0,465,35,[],None,None
SCAN_PORT,7899.522744153576,7918.237091916126,18.71434776254955,43,4401cd2c-7c16-424f-a3c4-505daacf2001,None,None,3,465,35,[],network,HostTopologyShuffle
SCAN_HOST,7920.237091916126,7930.237091916126,10.0,-1,-1,None,None,0,465,35,[],None,None
ENUM_HOST,7930.237091916126,7945.237091916126,15.0,-1,-1,None,None,0,465,35,[],None,None
SCAN_PORT,7945.237091916126,7958.34223637742,13.105144461294003,43,0055683f-2b18-4377-9783-2ebbc6ac1d4c,None,None,4,465,35,[],network,IPShuffle
SCAN_HOST,7960.34223637742,7970.34223637742,10.0,-1,-1,None,None,0,465,35,[],None,None
ENUM_HOST,7970.34223637742,7985.34223637742,15.0,-1,-1,None,None,0,465,35,[],None,None
SCAN_PORT,7985.34223637742,8005.34223637742,20.0,43,0055683f-2b18-4377-9783-2ebbc6ac1d4c,None,None,5,465,35,[],None,None
EXPLOIT_VULN,8005.34223637742,8030.580980356991,25.238743979571154,43,0055683f-2b18-4377-9783-2ebbc6ac1d4c,43,0055683f-2b18-4377-9783-2ebbc6ac1d4c,5,465,35,"['Revkah', 'Minetta', 'Loria']",None,None
SCAN_NEIGHBOR,8030.580980356991,8040.580980356991,10.0,43,0055683f-2b18-4377-9783-2ebbc6ac1d4c,None,None,5,481,36,[],None,None
ENUM_HOST,8040.580980356991,8055.580980356991,15.0,43,0055683f-2b18-4377-9783-2ebbc6ac1d4c,None,None,5,481,36,[],None,None
ENUM_HOST,8055.580980356991,8070.580980356991,15.0,43,0055683f-2b18-4377-9783-2ebbc6ac1d4c,None,None,6,481,36,[],None,None
ENUM_HOST,8070.580980356991,8073.9510749055735,3.3700945485825287,39,7154c364-6202-40ee-9d34-60d53137c2d8,None,None,3,481,36,[],network,CompleteTopologyShuffle
SCAN_HOST,8075.9510749055735,8085.9510749055735,10.0,-1,-1,None,None,0,481,36,[],None,None
ENUM_HOST,8085.9510749055735,8100.9510749055735,15.0,-1,-1,None,None,0,481,36,[],None,None
SCAN_PORT,8100.9510749055735,8119.186804770907,18.23572986533327,58,d4aacc4e-0429-477c-9a70-fd2f9231f793,None,None,1,481,36,[],network,HostTopologyShuffle
SCAN_HOST,8121.186804770907,8131.186804770907,10.0,-1,-1,None,None,0,481,36,[],None,None
ENUM_HOST,8131.186804770907,8146.186804770907,15.0,-1,-1,None,None,0,481,36,[],None,None
SCAN_PORT,8146.186804770907,8159.284645377941,13.097840607034414,58,d4aacc4e-0429-477c-9a70-fd2f9231f793,None,None,2,481,36,[],network,IPShuffle
SCAN_HOST,8161.284645377941,8171.284645377941,10.0,-1,-1,None,None,0,481,36,[],None,None
ENUM_HOST,8171.284645377941,8186.284645377941,15.0,-1,-1,None,None,0,481,36,[],None,None
SCAN_PORT,8186.284645377941,8206.284645377942,20.00000000000091,58,d4aacc4e-0429-477c-9a70-fd2f9231f793,None,None,3,481,36,[],None,None
EXPLOIT_VULN,8206.284645377942,8231.985768481993,25.701123104050566,58,d4aacc4e-0429-477c-9a70-fd2f9231f793,58,d4aacc4e-0429-477c-9a70-fd2f9231f793,3,481,36,"['Tiphany', 'Viva', 'Reine', 'Clo']",None,None
SCAN_NEIGHBOR,8231.985768481993,8241.985768481993,10.0,58,d4aacc4e-0429-477c-9a70-fd2f9231f793,None,None,3,482,37,[],None,None
ENUM_HOST,8241.985768481993,8256.985768481993,15.0,58,d4aacc4e-0429-477c-9a70-fd2f9231f793,None,None,3,482,37,[],None,None
ENUM_HOST,8256.985768481993,8271.985768481993,15.0,58,d4aacc4e-0429-477c-9a70-fd2f9231f793,None,None,4,482,37,[],None,None
ENUM_HOST,8271.985768481993,8273.617199792257,1.6314313102648157,58,d4aacc4e-0429-477c-9a70-fd2f9231f793,None,None,5,482,37,[],network,CompleteTopologyShuffle
SCAN_HOST,8275.617199792257,8285.617199792257,10.0,-1,-1,None,None,0,482,37,[],None,None
ENUM_HOST,8285.617199792257,8300.617199792257,15.0,-1,-1,None,None,0,482,37,[],None,None
SCAN_PORT,8300.617199792257,8318.829786102257,18.212586309999097,35,86cb4e99-fd28-45c9-8c82-6d955a80d2a4,None,None,7,482,37,[],network,HostTopologyShuffle
SCAN_HOST,8320.829786102257,8330.829786102257,10.0,-1,-1,None,None,0,482,37,[],None,None
ENUM_HOST,8330.829786102257,8345.829786102257,15.0,-1,-1,None,None,0,482,37,[],None,None
SCAN_PORT,8345.829786102257,8358.862436059868,13.032649957611284,54,8824bc50-06f2-42b7-a4d7-c868b01bc24c,None,None,4,482,37,[],network,IPShuffle
SCAN_HOST,8360.862436059868,8370.862436059868,10.0,-1,-1,None,None,0,482,37,[],None,None
ENUM_HOST,8370.862436059868,8385.862436059868,15.0,-1,-1,None,None,0,482,37,[],None,None
SCAN_PORT,8385.862436059868,8405.862436059868,20.0,54,8824bc50-06f2-42b7-a4d7-c868b01bc24c,None,None,5,482,37,[],None,None
EXPLOIT_VULN,8405.862436059868,8431.713184834545,25.850748774677413,54,8824bc50-06f2-42b7-a4d7-c868b01bc24c,54,8824bc50-06f2-42b7-a4d7-c868b01bc24c,5,482,37,"['Dolli', 'Becky']",None,None
SCAN_NEIGHBOR,8431.713184834545,8441.713184834545,10.0,54,8824bc50-06f2-42b7-a4d7-c868b01bc24c,None,None,5,517,38,[],None,None
ENUM_HOST,8441.713184834545,8456.713184834545,15.0,54,8824bc50-06f2-42b7-a4d7-c868b01bc24c,None,None,5,517,38,[],None,None
ENUM_HOST,8456.713184834545,8471.713184834545,15.0,48,818bf591-46c0-421b-a6c5-e91d2f533290,None,None,9,517,38,[],None,None
SCAN_PORT,8471.713184834545,8474.072277076848,2.3590922423027223,55,86cb4e99-fd28-45c9-8c82-6d955a80d2a4,None,None,3,517,38,[],network,CompleteTopologyShuffle
SCAN_HOST,8476.072277076848,8486.072277076848,10.0,-1,-1,None,None,0,517,38,[],None,None
ENUM_HOST,8486.072277076848,8501.072277076848,15.0,-1,-1,None,None,0,517,38,[],None,None
SCAN_PORT,8501.072277076848,8519.196961973179,18.12468489633102,37,12e432b6-c0b8-4f02-8065-7c6be3de8f42,None,None,2,517,38,[],network,HostTopologyShuffle
SCAN_HOST,8521.196961973179,8531.196961973179,10.0,-1,-1,None,None,0,517,38,[],None,None
ENUM_HOST,8531.196961973179,8546.196961973179,15.0,-1,-1,None,None,0,517,38,[],None,None
SCAN_PORT,8546.196961973179,8560.054892105185,13.857930132006004,40,b21b6cd4-109b-49c7-9514-1c93ccc56be1,None,None,5,517,38,[],network,IPShuffle
SCAN_HOST,8562.054892105185,8572.054892105185,10.0,-1,-1,None,None,0,517,38,[],None,None
ENUM_HOST,8572.054892105185,8587.054892105185,15.0,-1,-1,None,None,0,517,38,[],None,None
SCAN_PORT,8587.054892105185,8607.054892105185,20.0,32,12e432b6-c0b8-4f02-8065-7c6be3de8f42,None,None,3,517,38,[],None,None
EXPLOIT_VULN,8607.054892105185,8633.69186313168,26.636971026495303,32,12e432b6-c0b8-4f02-8065-7c6be3de8f42,32,12e432b6-c0b8-4f02-8065-7c6be3de8f42,3,517,38,"['Bendite', 'Bill']",None,None
SCAN_NEIGHBOR,8633.69186313168,8643.69186313168,10.0,32,12e432b6-c0b8-4f02-8065-7c6be3de8f42,None,None,3,519,39,[],None,None
ENUM_HOST,8643.69186313168,8658.69186313168,15.0,32,12e432b6-c0b8-4f02-8065-7c6be3de8f42,None,None,3,519,39,[],None,None
ENUM_HOST,8658.69186313168,8673.69186313168,15.0,32,12e432b6-c0b8-4f02-8065-7c6be3de8f42,None,None,4,519,39,[],None,None
ENUM_HOST,8673.69186313168,8675.01463421503,1.3227710833489255,32,12e432b6-c0b8-4f02-8065-7c6be3de8f42,None,None,5,519,39,[],network,CompleteTopologyShuffle
SCAN_HOST,8677.01463421503,8687.01463421503,10.0,-1,-1,None,None,0,519,39,[],None,None
ENUM_HOST,8687.01463421503,8702.01463421503,15.0,-1,-1,None,None,0,519,39,[],None,None
SCAN_PORT,8702.01463421503,8720.268264898235,18.25363068320621,55,86cb4e99-fd28-45c9-8c82-6d955a80d2a4,None,None,4,519,39,[],network,HostTopologyShuffle
SCAN_HOST,8722.268264898235,8732.268264898235,10.0,-1,-1,None,None,0,519,39,[],None,None
ENUM_HOST,8732.268264898235,8747.268264898235,15.0,-1,-1,None,None,0,519,39,[],None,None
SCAN_PORT,8747.268264898235,8760.783518623683,13.51525372544711,50,4401cd2c-7c16-424f-a3c4-505daacf2001,None,None,4,519,39,[],network,IPShuffle
SCAN_HOST,8762.783518623683,8772.783518623683,10.0,-1,-1,None,None,0,519,39,[],None,None
ENUM_HOST,8772.783518623683,8787.783518623683,15.0,-1,-1,None,None,0,519,39,[],None,None
SCAN_PORT,8787.783518623683,8807.783518623683,20.0,50,4401cd2c-7c16-424f-a3c4-505daacf2001,50,4401cd2c-7c16-424f-a3c4-505daacf2001,5,519,39,"['Eva', 'Alfreda', 'Zonda']",None,None
SCAN_NEIGHBOR,8807.783518623683,8817.783518623683,10.0,50,4401cd2c-7c16-424f-a3c4-505daacf2001,None,None,5,519,40,[],None,None
ENUM_HOST,8817.783518623683,8832.783518623683,15.0,50,4401cd2c-7c16-424f-a3c4-505daacf2001,None,None,5,519,40,[],None,None
ENUM_HOST,8832.783518623683,8847.783518623683,15.0,50,4401cd2c-7c16-424f-a3c4-505daacf2001,None,None,6,519,40,[],None,None
ENUM_HOST,8847.783518623683,8862.783518623683,15.0,50,4401cd2c-7c16-424f-a3c4-505daacf2001,None,None,7,519,40,[],None,None
ENUM_HOST,8862.783518623683,8874.816590333798,12.03307171011511,48,2ff66f73-c852-483c-9ac4-bab0456cf006,None,None,10,519,40,[],network,CompleteTopologyShuffle
SCAN_HOST,8876.816590333798,8886.816590333798,10.0,-1,-1,None,None,0,519,40,[],None,None
ENUM_HOST,8886.816590333798,8901.816590333798,15.0,-1,-1,None,None,0,519,40,[],None,None
SCAN_PORT,8901.816590333798,8920.032175049742,18.215584715944715,91,911a2dce-34e1-4b62-ad48-de26e6f6da4b,None,None,1,519,40,[],network,HostTopologyShuffle
SCAN_HOST,8922.032175049742,8932.032175049742,10.0,-1,-1,None,None,0,519,40,[],None,None
ENUM_HOST,8932.032175049742,8947.032175049742,15.0,-1,-1,None,None,0,519,40,[],None,None
SCAN_PORT,8947.032175049742,8961.573279830192,14.541104780450041,73,376c441f-0ba8-4a0a-8960-938f1eb8c24f,None,None,1,519,40,[],network,IPShuffle
SCAN_HOST,8963.573279830192,8973.573279830192,10.0,-1,-1,None,None,0,519,40,[],None,None
ENUM_HOST,8973.573279830192,8988.573279830192,15.0,-1,-1,None,None,0,519,40,[],None,None
SCAN_PORT,8988.573279830192,9008.573279830192,20.0,93,0c42cef3-3c54-499a-bc94-61d59e462304,None,None,1,519,40,[],None,None
EXPLOIT_VULN,9008.573279830192,9033.6890123163,25.115732486106936,93,0c42cef3-3c54-499a-bc94-61d59e462304,93,0c42cef3-3c54-499a-bc94-61d59e462304,1,519,40,"['Celina', 'Juliann']",None,None
SCAN_NEIGHBOR,9033.6890123163,9043.6890123163,10.0,93,0c42cef3-3c54-499a-bc94-61d59e462304,None,None,1,521,41,[],None,None
ENUM_HOST,9043.6890123163,9058.6890123163,15.0,93,0c42cef3-3c54-499a-bc94-61d59e462304,None,None,1,521,41,[],None,None
ENUM_HOST,9058.6890123163,9073.6890123163,15.0,93,0c42cef3-3c54-499a-bc94-61d59e462304,None,None,2,521,41,[],None,None
SCAN_PORT,9073.6890123163,9074.40399023802,0.7149779217197647,75,a81abedc-66bc-4b4f-b4dd-97dc480b1e6a,None,None,2,521,41,[],network,CompleteTopologyShuffle
SCAN_HOST,9076.40399023802,9086.40399023802,10.0,-1,-1,None,None,0,521,41,[],None,None
ENUM_HOST,9086.40399023802,9101.40399023802,15.0,-1,-1,None,None,0,521,41,[],None,None
SCAN_PORT,9101.40399023802,9120.111474171683,18.707483933663752,21,86cb4e99-fd28-45c9-8c82-6d955a80d2a4,None,None,3,521,41,[],network,HostTopologyShuffle
SCAN_HOST,9122.111474171683,9132.111474171683,10.0,-1,-1,None,None,0,521,41,[],None,None
ENUM_HOST,9132.111474171683,9147.111474171683,15.0,-1,-1,None,None,0,521,41,[],None,None
SCAN_PORT,9147.111474171683,9160.144556435846,13.033082264162658,32,86cb4e99-fd28-45c9-8c82-6d955a80d2a4,None,None,6,521,41,[],network,IPShuffle
SCAN_HOST,9162.144556435846,9172.144556435846,10.0,-1,-1,None,None,0,521,41,[],None,None
ENUM_HOST,9172.144556435846,9187.144556435846,15.0,-1,-1,None,None,0,521,41,[],None,None
SCAN_PORT,9187.144556435846,9207.144556435846,20.0,32,86cb4e99-fd28-45c9-8c82-6d955a80d2a4,None,None,7,521,41,[],None,None
EXPLOIT_VULN,9207.144556435846,9235.858317599483,28.713761163637173,32,86cb4e99-fd28-45c9-8c82-6d955a80d2a4,32,86cb4e99-fd28-45c9-8c82-6d955a80d2a4,7,521,41,[],None,None
SCAN_NEIGHBOR,9235.858317599483,9245.858317599483,10.0,32,86cb4e99-fd28-45c9-8c82-6d955a80d2a4,None,None,7,544,42,[],None,None
ENUM_HOST,9245.858317599483,9260.858317599483,15.0,32,86cb4e99-fd28-45c9-8c82-6d955a80d2a4,None,None,7,544,42,[],None,None
ENUM_HOST,9260.858317599483,9275.858317599483,15.0,33,0eab3ebd-febf-49ca-a480-2278926e5830,None,None,4,544,42,[],None,None
SCAN_PORT,9275.858317599483,9278.364723658791,2.506406059308574,91,ce42e80b-8b96-42e8-81e5-3ce75feba8ec,None,None,2,544,42,[],network,CompleteTopologyShuffle
SCAN_HOST,9280.364723658791,9290.364723658791,10.0,-1,-1,None,None,0,544,42,[],None,None
ENUM_HOST,9290.364723658791,9305.364723658791,15.0,-1,-1,None,None,0,544,42,[],None,None
SCAN_PORT,9305.364723658791,9323.84038411089,18.475660452098964,35,b21b6cd4-109b-49c7-9514-1c93ccc56be1,None,None,8,544,42,[],network,HostTopologyShuffle
SCAN_HOST,9325.84038411089,9335.84038411089,10.0,-1,-1,None,None,0,544,42,[],None,None
ENUM_HOST,9335.84038411089,9350.84038411089,15.0,-1,-1,None,None,0,544,42,[],None,None
SCAN_PORT,9350.84038411089,9363.925778295868,13.085394184978213,57,b21b6cd4-109b-49c7-9514-1c93ccc56be1,None,None,4,544,42,[],network,IPShuffle
SCAN_HOST,9365.925778295868,9375.925778295868,10.0,-1,-1,None,None,0,544,42,[],None,None
ENUM_HOST,9375.925778295868,9390.925778295868,15.0,-1,-1,None,None,0,544,42,[],None,None
SCAN_PORT,9390.925778295868,9410.925778295868,20.0,57,b21b6cd4-109b-49c7-9514-1c93ccc56be1,None,None,5,544,42,[],None,None
EXPLOIT_VULN,9410.925778295868,9436.861582808086,25.935804512217146,57,b21b6cd4-109b-49c7-9514-1c93ccc56be1,57,b21b6cd4-109b-49c7-9514-1c93ccc56be1,5,544,42,[],None,None
SCAN_NEIGHBOR,9436.861582808086,9446.861582808086,10.0,57,b21b6cd4-109b-49c7-9514-1c93ccc56be1,None,None,5,548,43,[],None,None
ENUM_HOST,9446.861582808086,9461.861582808086,15.0,57,b21b6cd4-109b-49c7-9514-1c93ccc56be1,None,None,5,548,43,[],None,None
ENUM_HOST,9461.861582808086,9476.861582808086,15.0,57,b21b6cd4-109b-49c7-9514-1c93ccc56be1,None,None,6,548,43,[],None,None
ENUM_HOST,9476.861582808086,9478.778984618571,1.9174018104858987,57,b21b6cd4-109b-49c7-9514-1c93ccc56be1,None,None,7,548,43,[],network,CompleteTopologyShuffle
SCAN_HOST,9480.778984618571,9490.778984618571,10.0,-1,-1,None,None,0,548,43,[],None,None
ENUM_HOST,9490.778984618571,9505.778984618571,15.0,-1,-1,None,None,0,548,43,[],None,None
SCAN_PORT,9505.778984618571,9524.423539690853,18.644555072281946,61,2825f75d-ea4e-4d53-84f0-7adad4186047,None,None,1,548,43,[],network,HostTopologyShuffle
SCAN_HOST,9526.423539690853,9536.423539690853,10.0,-1,-1,None,None,0,548,43,[],None,None
ENUM_HOST,9536.423539690853,9551.423539690853,15.0,-1,-1,None,None,0,548,43,[],None,None
SCAN_PORT,9551.423539690853,9564.455935568605,13.032395877751696,86,376c441f-0ba8-4a0a-8960-938f1eb8c24f,None,None,1,548,43,[],network,IPShuffle
SCAN_HOST,9566.455935568605,9576.455935568605,10.0,-1,-1,None,None,0,548,43,[],None,None
ENUM_HOST,9576.455935568605,9591.455935568605,15.0,-1,-1,None,None,0,548,43,[],None,None
SCAN_PORT,9591.455935568605,9611.455935568605,20.0,70,2825f75d-ea4e-4d53-84f0-7adad4186047,None,None,1,548,43,[],None,None
EXPLOIT_VULN,9611.455935568605,9636.67834201744,25.22240644883459,70,2825f75d-ea4e-4d53-84f0-7adad4186047,70,2825f75d-ea4e-4d53-84f0-7adad4186047,1,548,43,[],None,None
SCAN_NEIGHBOR,9636.67834201744,9646.67834201744,10.0,70,2825f75d-ea4e-4d53-84f0-7adad4186047,None,None,1,548,44,[],None,None
ENUM_HOST,9646.67834201744,9661.67834201744,15.0,70,2825f75d-ea4e-4d53-84f0-7adad4186047,None,None,1,548,44,[],None,None
SCAN_PORT,9661.67834201744,9662.708355694362,1.0300136769219534,134,52024074-0300-482c-a39d-444ba6b9b32b,None,None,1,548,44,[],application,OSDiversity
SCAN_PORT,9664.708355694362,9677.803192754094,13.094837059732527,134,52024074-0300-482c-a39d-444ba6b9b32b,None,None,1,548,44,[],network,CompleteTopologyShuffle
SCAN_HOST,9679.803192754094,9689.803192754094,10.0,-1,-1,None,None,0,548,44,[],None,None
ENUM_HOST,9689.803192754094,9704.803192754094,15.0,-1,-1,None,None,0,548,44,[],None,None
SCAN_PORT,9704.803192754094,9722.859506171711,18.056313417617275,62,e4be0505-971c-4e4d-bb50-e1f474019c65,None,None,1,548,44,[],network,HostTopologyShuffle
SCAN_HOST,9724.859506171711,9734.859506171711,10.0,-1,-1,None,None,0,548,44,[],None,None
ENUM_HOST,9734.859506171711,9749.859506171711,15.0,-1,-1,None,None,0,548,44,[],None,None
SCAN_PORT,9749.859506171711,9764.062838947437,14.203332775725357,62,28688548-34f8-49ab-ae6f-fc054f0268f9,None,None,2,548,44,[],network,IPShuffle
SCAN_HOST,9766.062838947437,9776.062838947437,10.0,-1,-1,None,None,0,548,44,[],None,None
ENUM_HOST,9776.062838947437,9791.062838947437,15.0,-1,-1,None,None,0,548,44,[],None,None
SCAN_PORT,9791.062838947437,9811.062838947437,20.0,80,53913749-14e4-4202-bb64-c029969a7d7b,None,None,1,548,44,[],None,None
EXPLOIT_VULN,9811.062838947437,9836.2415680186,25.178729071163616,80,53913749-14e4-4202-bb64-c029969a7d7b,80,53913749-14e4-4202-bb64-c029969a7d7b,1,548,44,"['Lanny', 'Jenelle']",None,None
SCAN_NEIGHBOR,9836.2415680186,9846.2415680186,10.0,80,53913749-14e4-4202-bb64-c029969a7d7b,None,None,1,562,45,[],None,None
ENUM_HOST,9846.2415680186,9861.2415680186,15.0,80,53913749-14e4-4202-bb64-c029969a7d7b,None,None,1,562,45,[],None,None
SCAN_PORT,9861.2415680186,9864.182769608566,2.9412015899652033,81,c1e2e76d-e8ee-44d5-b172-f4de61f4b26c,None,None,1,562,45,[],application,OSDiversity
SCAN_PORT,9866.182769608566,9878.97840254459,12.795632936024049,81,c1e2e76d-e8ee-44d5-b172-f4de61f4b26c,None,None,1,562,45,[],network,CompleteTopologyShuffle
SCAN_HOST,9880.97840254459,9890.97840254459,10.0,-1,-1,None,None,0,562,45,[],None,None
ENUM_HOST,9890.97840254459,9905.97840254459,15.0,-1,-1,None,None,0,562,45,[],None,None
SCAN_PORT,9905.97840254459,9925.20230830049,19.223905755899978,83,376c441f-0ba8-4a0a-8960-938f1eb8c24f,None,None,1,562,45,[],network,HostTopologyShuffle
SCAN_HOST,9927.20230830049,9937.20230830049,10.0,-1,-1,None,None,0,562,45,[],None,None
ENUM_HOST,9937.20230830049,9952.20230830049,15.0,-1,-1,None,None,0,562,45,[],None,None
SCAN_PORT,9952.20230830049,9965.930116292817,13.727807992327143,86,c366346a-75f9-48ad-9119-ef74edc195e3,None,None,2,562,45,[],network,IPShuffle
SCAN_HOST,9967.930116292817,9977.930116292817,10.0,-1,-1,None,None,0,562,45,[],None,None
ENUM_HOST,9977.930116292817,9992.930116292817,15.0,-1,-1,None,None,0,562,45,[],None,None
