name,start_time,finish_time,duration,current_host,current_host_attempt,cumulative_attempts,cumulative_compromised_hosts,compromise_host,compromise_users,interrupted_in,interrupted_by
SCAN_HOST,0.0,10.0,10.0,-1,0,0,0,None,[],None,None
ENUM_HOST,10.0,25.0,15.0,-1,0,0,0,None,[],None,None
SCAN_PORT,25.0,45.0,20.0,0,1,0,0,None,[],None,None
EXPLOIT_VULN,45.0,60.512552011739885,15.512552011739885,0,1,0,0,None,[],network,HostTopologyShuffle
SCAN_HOST,62.512552011739885,72.51255201173988,10.0,-1,0,0,0,None,[],None,None
ENUM_HOST,72.51255201173988,87.51255201173988,15.0,-1,0,0,0,None,[],None,None
SCAN_PORT,87.51255201173988,107.51255201173988,20.0,0,2,0,0,None,[],None,None
EXPLOIT_VULN,107.51255201173988,111.54557037514053,4.033018363400643,0,2,0,0,None,[],network,IPShuffle
SCAN_HOST,113.54557037514053,123.54557037514053,10.0,-1,0,0,0,None,[],None,None
ENUM_HOST,123.54557037514053,138.54557037514053,15.0,-1,0,0,0,None,[],None,None
SCAN_PORT,138.54557037514053,158.54557037514053,20.0,0,3,0,0,None,[],None,None
EXPLOIT_VULN,158.54557037514053,172.34526434656294,13.799693971422414,0,3,0,0,None,[],network,IPShuffle
SCAN_HOST,174.34526434656294,184.34526434656294,10.0,-1,0,0,0,None,[],None,None
ENUM_HOST,184.34526434656294,199.34526434656294,15.0,-1,0,0,0,None,[],None,None
SCAN_PORT,199.34526434656294,219.34526434656294,20.0,0,4,0,0,None,[],None,None
EXPLOIT_VULN,219.34526434656294,247.73268014167857,28.38741579511563,0,4,0,0,0,"['Ranice', 'Bendite', 'Lotte', 'Faun', 'Harriette']",None,None
SCAN_NEIGHBOR,247.73268014167857,257.73268014167854,9.999999999999972,0,4,14,1,None,[],None,None
ENUM_HOST,257.73268014167854,272.73268014167854,15.0,0,4,14,1,None,[],None,None
SCAN_PORT,272.73268014167854,292.73268014167854,20.0,66,1,14,1,None,[],None,None
EXPLOIT_VULN,292.73268014167854,304.05208628503556,11.319406143357014,66,1,14,1,None,[],application,osdiversity
SCAN_PORT,306.05208628503556,326.05208628503556,20.0,66,1,14,1,None,[],None,None
EXPLOIT_VULN,326.05208628503556,351.8265152305563,25.774428945520754,66,1,14,1,None,[],None,None
BRUTE_FORCE,351.8265152305563,365.40431201559863,13.577796785042324,66,1,27,1,None,[],network,HostTopologyShuffle
SCAN_HOST,367.40431201559863,377.40431201559863,10.0,-1,0,27,1,None,[],None,None
ENUM_HOST,377.40431201559863,392.40431201559863,15.0,-1,0,27,1,None,[],None,None
SCAN_PORT,392.40431201559863,412.40431201559863,20.0,66,2,27,1,None,[],None,None
EXPLOIT_VULN,412.40431201559863,424.79725590612475,12.392943890526112,66,2,27,1,None,[],application,osdiversity
SCAN_PORT,426.79725590612475,446.79725590612475,20.0,66,2,27,1,None,[],None,None
EXPLOIT_VULN,446.79725590612475,455.31118922786175,8.513933321737,66,2,27,1,None,[],application,osdiversity
SCAN_PORT,457.31118922786175,477.31118922786175,20.0,66,2,27,1,None,[],None,None
EXPLOIT_VULN,477.31118922786175,503.4398658427909,26.128676614929134,66,2,27,1,66,"['Jannel', 'Cordey', 'Marjory', 'Kimmi', 'Vilhelmina']",None,None
SCAN_NEIGHBOR,503.4398658427909,513.4398658427908,9.999999999999943,66,2,55,2,None,[],None,None
ENUM_HOST,513.4398658427908,528.4398658427908,15.0,66,2,55,2,None,[],None,None
SCAN_PORT,528.4398658427908,548.4398658427908,20.0,65,1,55,2,None,[],None,None
EXPLOIT_VULN,548.4398658427908,573.823745014271,25.383879171480203,65,1,55,2,None,[],None,None
BRUTE_FORCE,573.823745014271,575.8901682604386,2.066423246167574,65,1,59,2,None,[],application,osdiversity
SCAN_PORT,577.8901682604386,597.8901682604386,20.0,65,1,59,2,None,[],None,None
EXPLOIT_VULN,597.8901682604386,623.0636523076506,25.173484047212014,65,1,59,2,65,"['Leonore', 'Helen', 'Risa', 'Fara', 'Lacie']",None,None
SCAN_NEIGHBOR,623.0636523076506,626.4439181050795,3.380265797428933,65,1,65,3,None,[],network,IPShuffle
SCAN_HOST,628.4439181050795,638.4439181050795,10.0,-1,0,65,3,None,[],None,None
ENUM_HOST,638.4439181050795,653.4439181050795,15.0,-1,0,65,3,None,[],None,None
SCAN_PORT,653.4439181050795,673.4439181050795,20.0,64,1,65,3,None,[],None,None
EXPLOIT_VULN,673.4439181050795,696.6559070401756,23.211988935096088,64,1,65,3,None,[],network,HostTopologyShuffle
SCAN_HOST,698.6559070401756,708.6559070401756,10.0,-1,0,65,3,None,[],None,None
ENUM_HOST,708.6559070401756,723.6559070401756,15.0,-1,0,65,3,None,[],None,None
SCAN_PORT,723.6559070401756,743.6559070401756,20.0,66,3,65,3,None,[],None,None
EXPLOIT_VULN,743.6559070401756,764.1708461250192,20.514939084843604,66,3,65,3,None,[],application,PortShuffle
SCAN_PORT,766.1708461250192,786.1708461250192,20.0,66,3,65,3,None,[],None,None
EXPLOIT_VULN,786.1708461250192,812.2102900464232,26.039443921403972,66,3,65,3,66,"['Katuscha', 'Madel', 'Katleen', 'Emma', 'Nicolina']",None,None
SCAN_NEIGHBOR,812.2102900464232,818.7107553657353,6.50046531931207,66,3,80,4,None,[],network,HostTopologyShuffle
SCAN_HOST,820.7107553657353,830.7107553657353,10.0,-1,0,80,4,None,[],None,None
ENUM_HOST,830.7107553657353,845.7107553657353,15.0,-1,0,80,4,None,[],None,None
SCAN_PORT,845.7107553657353,854.3576082568596,8.646852891124354,68,1,80,4,None,[],application,PortShuffle
SCAN_PORT,856.3576082568596,876.3576082568596,20.0,68,1,80,4,None,[],None,None
EXPLOIT_VULN,876.3576082568596,900.7940498135972,24.436441556737577,68,1,80,4,None,[],network,IPShuffle
SCAN_HOST,902.7940498135972,912.7940498135972,10.0,-1,0,80,4,None,[],None,None
ENUM_HOST,912.7940498135972,927.7940498135972,15.0,-1,0,80,4,None,[],None,None
SCAN_PORT,927.7940498135972,947.7940498135972,20.0,68,2,80,4,None,[],None,None
EXPLOIT_VULN,947.7940498135972,962.9496862795918,15.155636465994576,68,2,80,4,None,[],network,IPShuffle
SCAN_HOST,964.9496862795918,974.9496862795918,10.0,-1,0,80,4,None,[],None,None
ENUM_HOST,974.9496862795918,989.9496862795918,15.0,-1,0,80,4,None,[],None,None
SCAN_PORT,989.9496862795918,1003.6128094210693,13.663123141477513,66,4,80,4,None,[],application,osdiversity
SCAN_PORT,1005.6128094210693,1025.6128094210694,20.000000000000114,66,4,80,4,None,[],None,None
EXPLOIT_VULN,1025.6128094210694,1052.2023457019598,26.589536280890343,66,4,80,4,66,"['Debby', 'Kaja', 'Margot']",None,None
SCAN_NEIGHBOR,1052.2023457019598,1052.7813532566915,0.5790075547317883,66,4,88,5,None,[],network,IPShuffle
SCAN_HOST,1054.7813532566915,1064.7813532566915,10.0,-1,0,88,5,None,[],None,None
ENUM_HOST,1064.7813532566915,1079.7813532566915,15.0,-1,0,88,5,None,[],None,None
SCAN_PORT,1079.7813532566915,1099.7813532566915,20.0,68,3,88,5,None,[],None,None
EXPLOIT_VULN,1099.7813532566915,1113.1858683050318,13.404515048340272,68,3,88,5,None,[],network,IPShuffle
SCAN_HOST,1115.1858683050318,1125.1858683050318,10.0,-1,0,88,5,None,[],None,None
ENUM_HOST,1125.1858683050318,1140.1858683050318,15.0,-1,0,88,5,None,[],None,None
SCAN_PORT,1140.1858683050318,1158.4705142779767,18.284645972944872,69,1,88,5,None,[],application,PortShuffle
SCAN_PORT,1160.4705142779767,1180.4705142779767,20.0,69,1,88,5,None,[],None,None
EXPLOIT_VULN,1180.4705142779767,1205.7852805378488,25.314766259872158,69,1,88,5,None,[],None,None
BRUTE_FORCE,1205.7852805378488,1214.7337576703264,8.948477132477592,69,1,91,5,None,[],application,osdiversity
SCAN_PORT,1216.7337576703264,1236.7337576703264,20.0,69,1,91,5,None,[],None,None
EXPLOIT_VULN,1236.7337576703264,1251.1041165832871,14.370358912960683,69,1,91,5,None,[],application,PortShuffle
SCAN_PORT,1253.1041165832871,1273.1041165832871,20.0,69,1,91,5,None,[],None,None
EXPLOIT_VULN,1273.1041165832871,1298.451316229398,25.347199646110766,69,1,91,5,None,[],None,None
BRUTE_FORCE,1298.451316229398,1311.2215140838123,12.770197854414391,69,1,94,5,None,[],application,PortShuffle
SCAN_PORT,1313.2215140838123,1333.2215140838123,20.0,69,1,94,5,None,[],None,None
EXPLOIT_VULN,1333.2215140838123,1358.2289736070675,25.007459523255193,69,1,94,5,None,[],None,None
BRUTE_FORCE,1358.2289736070675,1366.914084331023,8.685110723955631,69,1,95,5,None,[],application,osdiversity
SCAN_PORT,1368.914084331023,1388.914084331023,20.0,69,1,95,5,None,[],None,None
EXPLOIT_VULN,1388.914084331023,1414.38041104027,25.466326709246914,69,1,95,5,69,"['Celene', 'Adriana', 'Aloise', 'Valma']",None,None
SCAN_NEIGHBOR,1414.38041104027,1416.8914593446923,2.5110483044222747,69,1,97,6,None,[],network,IPShuffle
SCAN_HOST,1418.8914593446923,1428.8914593446923,10.0,-1,0,97,6,None,[],None,None
ENUM_HOST,1428.8914593446923,1443.8914593446923,15.0,-1,0,97,6,None,[],None,None
SCAN_PORT,1443.8914593446923,1463.8914593446923,20.0,68,4,97,6,None,[],None,None
EXPLOIT_VULN,1463.8914593446923,1488.1203306989132,24.228871354220928,68,4,97,6,None,[],network,HostTopologyShuffle
SCAN_HOST,1490.1203306989132,1500.1203306989132,10.0,-1,0,97,6,None,[],None,None
ENUM_HOST,1500.1203306989132,1515.1203306989132,15.0,-1,0,97,6,None,[],None,None
SCAN_PORT,1515.1203306989132,1535.1203306989132,20.0,63,1,97,6,None,[],None,None
EXPLOIT_VULN,1535.1203306989132,1560.785756237465,25.665425538551744,63,1,97,6,63,"['Cherey', 'Sharron', 'Delphinia', 'Dominique', 'Annadiana']",None,None
SCAN_NEIGHBOR,1560.785756237465,1568.4879477466775,7.7021915092125255,63,1,110,7,None,[],network,IPShuffle
SCAN_HOST,1570.4879477466775,1580.4879477466775,10.0,-1,0,110,7,None,[],None,None
ENUM_HOST,1580.4879477466775,1595.4879477466775,15.0,-1,0,110,7,None,[],None,None
SCAN_PORT,1595.4879477466775,1615.4879477466775,20.0,55,1,110,7,None,[],None,None
EXPLOIT_VULN,1615.4879477466775,1639.92087888836,24.432931141682502,55,1,110,7,None,[],network,HostTopologyShuffle
SCAN_HOST,1641.92087888836,1651.92087888836,10.0,-1,0,110,7,None,[],None,None
ENUM_HOST,1651.92087888836,1666.92087888836,15.0,-1,0,110,7,None,[],None,None
SCAN_PORT,1666.92087888836,1686.92087888836,20.0,74,1,110,7,None,[],None,None
EXPLOIT_VULN,1686.92087888836,1692.2050749553719,5.284196067011862,74,1,110,7,None,[],network,IPShuffle
SCAN_HOST,1694.2050749553719,1704.2050749553719,10.0,-1,0,110,7,None,[],None,None
ENUM_HOST,1704.2050749553719,1719.2050749553719,15.0,-1,0,110,7,None,[],None,None
SCAN_PORT,1719.2050749553719,1739.2050749553719,20.0,68,5,110,7,None,[],None,None
EXPLOIT_VULN,1739.2050749553719,1764.2735358177204,25.068460862348502,68,5,110,7,68,"['Linnie', 'Kylen']",None,None
SCAN_NEIGHBOR,1764.2735358177204,1764.6697608020677,0.39622498434732734,68,5,140,8,None,[],network,HostTopologyShuffle
SCAN_HOST,1766.6697608020677,1776.6697608020677,10.0,-1,0,140,8,None,[],None,None
ENUM_HOST,1776.6697608020677,1791.6697608020677,15.0,-1,0,140,8,None,[],None,None
SCAN_PORT,1791.6697608020677,1799.7934744889653,8.123713686897645,30,1,140,8,None,[],application,PortShuffle
SCAN_PORT,1801.7934744889653,1821.7934744889653,20.0,30,1,140,8,None,[],None,None
EXPLOIT_VULN,1821.7934744889653,1844.8119938777725,23.018519388807135,30,1,140,8,None,[],network,IPShuffle
SCAN_HOST,1846.8119938777725,1856.8119938777725,10.0,-1,0,140,8,None,[],None,None
ENUM_HOST,1856.8119938777725,1871.8119938777725,15.0,-1,0,140,8,None,[],None,None
SCAN_PORT,1871.8119938777725,1890.6329157955397,18.820921917767237,55,2,140,8,None,[],application,PortShuffle
SCAN_PORT,1892.6329157955397,1912.6329157955397,20.0,55,2,140,8,None,[],None,None
EXPLOIT_VULN,1912.6329157955397,1938.4092956081784,25.776379812638652,55,2,140,8,55,"['Ailee', 'Deanna', 'Arlette']",None,None
SCAN_NEIGHBOR,1938.4092956081784,1945.573963579855,7.164667971676636,55,2,152,9,None,[],network,HostTopologyShuffle
SCAN_HOST,1947.573963579855,1957.573963579855,10.0,-1,0,152,9,None,[],None,None
ENUM_HOST,1957.573963579855,1972.573963579855,15.0,-1,0,152,9,None,[],None,None
SCAN_PORT,1972.573963579855,1992.573963579855,20.0,68,6,152,9,None,[],None,None
EXPLOIT_VULN,1992.573963579855,1996.4358566603714,3.861893080516438,68,6,152,9,None,[],network,IPShuffle
SCAN_HOST,1998.4358566603714,2008.4358566603714,10.0,-1,0,152,9,None,[],None,None
ENUM_HOST,2008.4358566603714,2023.4358566603714,15.0,-1,0,152,9,None,[],None,None
SCAN_PORT,2023.4358566603714,2043.4358566603714,20.0,53,1,152,9,None,[],None,None
EXPLOIT_VULN,2043.4358566603714,2066.2472371077224,22.811380447350984,53,1,152,9,None,[],network,HostTopologyShuffle
SCAN_HOST,2068.2472371077224,2078.2472371077224,10.0,-1,0,152,9,None,[],None,None
ENUM_HOST,2078.2472371077224,2093.2472371077224,15.0,-1,0,152,9,None,[],None,None
SCAN_PORT,2093.2472371077224,2113.2472371077224,20.0,73,1,152,9,None,[],None,None
EXPLOIT_VULN,2113.2472371077224,2127.6594745052676,14.412237397545141,73,1,152,9,None,[],application,osdiversity
SCAN_PORT,2129.6594745052676,2149.6594745052676,20.0,73,1,152,9,None,[],None,None
EXPLOIT_VULN,2149.6594745052676,2176.3714089913906,26.711934486123027,73,1,152,9,73,"['Tamarra', 'Shirl', 'Benni', 'Shawnee']",None,None
SCAN_NEIGHBOR,2176.3714089913906,2186.3714089913906,10.0,73,1,155,10,None,[],None,None
ENUM_HOST,2186.3714089913906,2201.3714089913906,15.0,73,1,155,10,None,[],None,None
ENUM_HOST,2201.3714089913906,2216.3714089913906,15.0,73,2,155,10,None,[],None,None
ENUM_HOST,2216.3714089913906,2231.3714089913906,15.0,73,3,155,10,None,[],None,None
SCAN_PORT,2231.3714089913906,2239.058361202109,7.686952210718573,97,1,155,10,None,[],network,IPShuffle
SCAN_HOST,2241.058361202109,2251.058361202109,10.0,-1,0,155,10,None,[],None,None
ENUM_HOST,2251.058361202109,2266.058361202109,15.0,-1,0,155,10,None,[],None,None
SCAN_PORT,2266.058361202109,2286.058361202109,20.0,54,1,155,10,None,[],None,None
EXPLOIT_VULN,2286.058361202109,2308.993241608877,22.93488040676766,54,1,155,10,None,[],network,HostTopologyShuffle
SCAN_HOST,2310.993241608877,2320.993241608877,10.0,-1,0,155,10,None,[],None,None
ENUM_HOST,2320.993241608877,2335.993241608877,15.0,-1,0,155,10,None,[],None,None
SCAN_PORT,2335.993241608877,2355.993241608877,20.0,53,2,155,10,None,[],None,None
EXPLOIT_VULN,2355.993241608877,2371.142163815755,15.14892220687807,53,2,155,10,None,[],application,osdiversity
SCAN_PORT,2373.142163815755,2393.142163815755,20.0,53,2,155,10,None,[],None,None
EXPLOIT_VULN,2393.142163815755,2421.8488465723626,28.706682756607734,53,2,155,10,53,"['Christin', 'Lynelle', 'Netta', 'Nicholle']",None,None
SCAN_NEIGHBOR,2421.8488465723626,2431.8488465723626,10.0,53,2,179,11,None,[],None,None
ENUM_HOST,2431.8488465723626,2432.508134681108,0.6592881087453861,53,2,179,11,None,[],network,HostTopologyShuffle
SCAN_HOST,2434.508134681108,2444.508134681108,10.0,-1,0,179,11,None,[],None,None
ENUM_HOST,2444.508134681108,2459.508134681108,15.0,-1,0,179,11,None,[],None,None
SCAN_PORT,2459.508134681108,2479.508134681108,20.0,29,1,179,11,None,[],None,None
EXPLOIT_VULN,2479.508134681108,2504.6199992422135,25.11186456110545,29,1,179,11,None,[],None,None
BRUTE_FORCE,2504.6199992422135,2519.6199992422135,15.0,29,1,182,11,None,[],None,None
ENUM_HOST,2519.6199992422135,2522.4430030902904,2.823003848076951,29,1,182,11,None,[],network,HostTopologyShuffle
SCAN_HOST,2524.4430030902904,2534.4430030902904,10.0,-1,0,182,11,None,[],None,None
ENUM_HOST,2534.4430030902904,2549.4430030902904,15.0,-1,0,182,11,None,[],None,None
SCAN_PORT,2549.4430030902904,2569.4430030902904,20.0,64,2,182,11,None,[],None,None
EXPLOIT_VULN,2569.4430030902904,2587.141384045003,17.698380954712775,64,2,182,11,None,[],network,HostTopologyShuffle
SCAN_HOST,2589.141384045003,2599.141384045003,10.0,-1,0,182,11,None,[],None,None
ENUM_HOST,2599.141384045003,2614.141384045003,15.0,-1,0,182,11,None,[],None,None
SCAN_PORT,2614.141384045003,2634.141384045003,20.0,30,2,182,11,None,[],None,None
EXPLOIT_VULN,2634.141384045003,2659.480195461284,25.338811416280805,30,2,182,11,30,"['Eartha', 'Glyn', 'Liva', 'Sandra']",None,None
SCAN_NEIGHBOR,2659.480195461284,2666.565765967424,7.085570506139902,30,2,195,12,None,[],network,IPShuffle
SCAN_HOST,2668.565765967424,2678.565765967424,10.0,-1,0,195,12,None,[],None,None
ENUM_HOST,2678.565765967424,2693.565765967424,15.0,-1,0,195,12,None,[],None,None
SCAN_PORT,2693.565765967424,2713.565765967424,20.0,73,4,195,12,None,[],None,None
EXPLOIT_VULN,2713.565765967424,2726.7448543336795,13.179088366255655,73,4,195,12,None,[],network,IPShuffle
SCAN_HOST,2728.7448543336795,2738.7448543336795,10.0,-1,0,195,12,None,[],None,None
ENUM_HOST,2738.7448543336795,2753.7448543336795,15.0,-1,0,195,12,None,[],None,None
SCAN_PORT,2753.7448543336795,2773.7448543336795,20.0,73,5,195,12,None,[],None,None
EXPLOIT_VULN,2773.7448543336795,2786.9983856112453,13.253531277565799,73,5,195,12,None,[],network,IPShuffle
SCAN_HOST,2788.9983856112453,2798.9983856112453,10.0,-1,0,195,12,None,[],None,None
ENUM_HOST,2798.9983856112453,2813.9983856112453,15.0,-1,0,195,12,None,[],None,None
SCAN_PORT,2813.9983856112453,2833.9983856112453,20.0,55,3,195,12,None,[],None,None
EXPLOIT_VULN,2833.9983856112453,2858.015806900618,24.017421289372578,55,3,195,12,None,[],network,HostTopologyShuffle
SCAN_HOST,2860.015806900618,2870.015806900618,10.0,-1,0,195,12,None,[],None,None
ENUM_HOST,2870.015806900618,2885.015806900618,15.0,-1,0,195,12,None,[],None,None
SCAN_PORT,2885.015806900618,2905.015806900618,20.0,64,3,195,12,None,[],None,None
EXPLOIT_VULN,2905.015806900618,2931.666826628474,26.651019727856237,64,3,195,12,64,"['Pierrette', 'Gilly', 'Maggee', 'Glenna', 'Germain']",None,None
SCAN_NEIGHBOR,2931.666826628474,2941.666826628474,10.0,64,3,211,13,None,[],None,None
ENUM_HOST,2941.666826628474,2948.616138131315,6.949311502840828,64,3,211,13,None,[],network,HostTopologyShuffle
SCAN_HOST,2950.616138131315,2960.616138131315,10.0,-1,0,211,13,None,[],None,None
ENUM_HOST,2960.616138131315,2975.616138131315,15.0,-1,0,211,13,None,[],None,None
SCAN_PORT,2975.616138131315,2995.616138131315,20.0,54,2,211,13,None,[],None,None
EXPLOIT_VULN,2995.616138131315,3009.146265084572,13.530126953256968,54,2,211,13,None,[],network,HostTopologyShuffle
SCAN_HOST,3011.146265084572,3021.146265084572,10.0,-1,0,211,13,None,[],None,None
ENUM_HOST,3021.146265084572,3036.146265084572,15.0,-1,0,211,13,None,[],None,None
SCAN_PORT,3036.146265084572,3056.146265084572,20.0,30,3,211,13,None,[],None,None
EXPLOIT_VULN,3056.146265084572,3061.502648500229,5.356383415657092,30,3,211,13,None,[],network,IPShuffle
SCAN_HOST,3063.502648500229,3073.502648500229,10.0,-1,0,211,13,None,[],None,None
ENUM_HOST,3073.502648500229,3088.502648500229,15.0,-1,0,211,13,None,[],None,None
SCAN_PORT,3088.502648500229,3108.502648500229,20.0,30,4,211,13,None,[],None,None
EXPLOIT_VULN,3108.502648500229,3121.882603898312,13.379955398082984,30,4,211,13,None,[],network,IPShuffle
SCAN_HOST,3123.882603898312,3133.882603898312,10.0,-1,0,211,13,None,[],None,None
ENUM_HOST,3133.882603898312,3148.882603898312,15.0,-1,0,211,13,None,[],None,None
SCAN_PORT,3148.882603898312,3168.882603898312,20.0,68,7,211,13,None,[],None,None
EXPLOIT_VULN,3168.882603898312,3193.1220328492805,24.23942895096843,68,7,211,13,None,[],network,HostTopologyShuffle
SCAN_HOST,3195.1220328492805,3205.1220328492805,10.0,-1,0,211,13,None,[],None,None
ENUM_HOST,3205.1220328492805,3220.1220328492805,15.0,-1,0,211,13,None,[],None,None
SCAN_PORT,3220.1220328492805,3240.1220328492805,20.0,73,6,211,13,None,[],None,None
EXPLOIT_VULN,3240.1220328492805,3265.1370853570925,25.015052507812015,73,6,211,13,73,"['Vickie', 'Eunice']",None,None
SCAN_NEIGHBOR,3265.1370853570925,3274.3381989319228,9.201113574830288,73,6,252,14,None,[],network,IPShuffle
SCAN_HOST,3276.3381989319228,3286.3381989319228,10.0,-1,0,252,14,None,[],None,None
ENUM_HOST,3286.3381989319228,3301.3381989319228,15.0,-1,0,252,14,None,[],None,None
SCAN_PORT,3301.3381989319228,3321.3381989319228,20.0,68,8,252,14,None,[],None,None
EXPLOIT_VULN,3321.3381989319228,3335.8752135693617,14.537014637438915,68,8,252,14,None,[],network,IPShuffle
SCAN_HOST,3337.8752135693617,3347.8752135693617,10.0,-1,0,252,14,None,[],None,None
ENUM_HOST,3347.8752135693617,3362.8752135693617,15.0,-1,0,252,14,None,[],None,None
SCAN_PORT,3362.8752135693617,3382.8752135693617,20.0,53,3,252,14,None,[],None,None
EXPLOIT_VULN,3382.8752135693617,3406.12230622231,23.24709265294814,53,3,252,14,None,[],network,HostTopologyShuffle
SCAN_HOST,3408.12230622231,3418.12230622231,10.0,-1,0,252,14,None,[],None,None
ENUM_HOST,3418.12230622231,3433.12230622231,15.0,-1,0,252,14,None,[],None,None
SCAN_PORT,3433.12230622231,3453.12230622231,20.0,53,4,252,14,None,[],None,None
EXPLOIT_VULN,3453.12230622231,3468.1692563273236,15.04695010501382,53,4,252,14,None,[],network,HostTopologyShuffle
SCAN_HOST,3470.1692563273236,3480.1692563273236,10.0,-1,0,252,14,None,[],None,None
ENUM_HOST,3480.1692563273236,3495.1692563273236,15.0,-1,0,252,14,None,[],None,None
SCAN_PORT,3495.1692563273236,3515.1692563273236,20.0,37,1,252,14,None,[],None,None
EXPLOIT_VULN,3515.1692563273236,3530.8919849304943,15.722728603170708,37,1,252,14,None,[],network,HostTopologyShuffle
SCAN_HOST,3532.8919849304943,3542.8919849304943,10.0,-1,0,252,14,None,[],None,None
ENUM_HOST,3542.8919849304943,3557.8919849304943,15.0,-1,0,252,14,None,[],None,None
SCAN_PORT,3557.8919849304943,3577.8919849304943,20.0,74,2,252,14,None,[],None,None
EXPLOIT_VULN,3577.8919849304943,3592.624315384852,14.732330454357452,74,2,252,14,None,[],application,osdiversity
SCAN_PORT,3594.624315384852,3614.624315384852,20.0,74,2,252,14,None,[],None,None
EXPLOIT_VULN,3614.624315384852,3639.8807683997616,25.256453014909766,74,2,252,14,74,"['Anatola', 'Flossi', 'Maia']",None,None
SCAN_NEIGHBOR,3639.8807683997616,3643.901192155017,4.020423755255251,74,2,255,15,None,[],network,IPShuffle
SCAN_HOST,3645.901192155017,3655.901192155017,10.0,-1,0,255,15,None,[],None,None
ENUM_HOST,3655.901192155017,3670.901192155017,15.0,-1,0,255,15,None,[],None,None
SCAN_PORT,3670.901192155017,3690.901192155017,20.0,69,2,255,15,None,[],None,None
EXPLOIT_VULN,3690.901192155017,3705.7745142698323,14.873322114815437,69,2,255,15,None,[],network,IPShuffle
SCAN_HOST,3707.7745142698323,3717.7745142698323,10.0,-1,0,255,15,None,[],None,None
ENUM_HOST,3717.7745142698323,3732.7745142698323,15.0,-1,0,255,15,None,[],None,None
SCAN_PORT,3732.7745142698323,3752.7745142698323,20.0,76,1,255,15,None,[],None,None
EXPLOIT_VULN,3752.7745142698323,3765.6985779750403,12.924063705208027,76,1,255,15,None,[],network,IPShuffle
SCAN_HOST,3767.6985779750403,3777.6985779750403,10.0,-1,0,255,15,None,[],None,None
ENUM_HOST,3777.6985779750403,3792.6985779750403,15.0,-1,0,255,15,None,[],None,None
SCAN_PORT,3792.6985779750403,3812.6985779750403,20.0,76,2,255,15,None,[],None,None
EXPLOIT_VULN,3812.6985779750403,3825.6874126289263,12.988834653885988,76,2,255,15,None,[],network,IPShuffle
SCAN_HOST,3827.6874126289263,3837.6874126289263,10.0,-1,0,255,15,None,[],None,None
ENUM_HOST,3837.6874126289263,3852.6874126289263,15.0,-1,0,255,15,None,[],None,None
SCAN_PORT,3852.6874126289263,3872.6874126289263,20.0,68,9,255,15,None,[],None,None
EXPLOIT_VULN,3872.6874126289263,3897.7892685436746,25.101855914748285,68,9,255,15,68,"['Farica', 'Karine', 'Dorine']",None,None
SCAN_NEIGHBOR,3897.7892685436746,3899.5439004717155,1.754631928040908,68,9,274,16,None,[],network,HostTopologyShuffle
SCAN_HOST,3901.5439004717155,3911.5439004717155,10.0,-1,0,274,16,None,[],None,None
ENUM_HOST,3911.5439004717155,3926.5439004717155,15.0,-1,0,274,16,None,[],None,None
SCAN_PORT,3926.5439004717155,3946.5439004717155,20.0,68,10,274,16,None,[],None,None
EXPLOIT_VULN,3946.5439004717155,3971.669781685196,25.125881213480625,68,10,274,16,68,"['Claudie', 'Donica']",None,None
SCAN_NEIGHBOR,3971.669781685196,3979.5229428325247,7.853161147328592,68,10,292,17,None,[],network,IPShuffle
SCAN_HOST,3981.5229428325247,3991.5229428325247,10.0,-1,0,292,17,None,[],None,None
ENUM_HOST,3991.5229428325247,4006.5229428325247,15.0,-1,0,292,17,None,[],None,None
SCAN_PORT,4006.5229428325247,4026.5229428325247,20.0,54,3,292,17,None,[],None,None
EXPLOIT_VULN,4026.5229428325247,4049.8642166406125,23.341273808087863,54,3,292,17,None,[],network,HostTopologyShuffle
SCAN_HOST,4051.8642166406125,4061.8642166406125,10.0,-1,0,292,17,None,[],None,None
ENUM_HOST,4061.8642166406125,4076.8642166406125,15.0,-1,0,292,17,None,[],None,None
SCAN_PORT,4076.8642166406125,4096.8642166406125,20.0,63,2,292,17,None,[],None,None
EXPLOIT_VULN,4096.8642166406125,4102.085798024407,5.221581383794728,63,2,292,17,None,[],network,IPShuffle
SCAN_HOST,4104.085798024407,4114.085798024407,10.0,-1,0,292,17,None,[],None,None
ENUM_HOST,4114.085798024407,4129.085798024407,15.0,-1,0,292,17,None,[],None,None
SCAN_PORT,4129.085798024407,4149.085798024407,20.0,63,3,292,17,None,[],None,None
EXPLOIT_VULN,4149.085798024407,4172.598125005769,23.512326981362094,63,3,292,17,None,[],application,osdiversity
SCAN_PORT,4174.598125005769,4194.598125005769,20.0,63,3,292,17,None,[],None,None
EXPLOIT_VULN,4194.598125005769,4220.385180087612,25.78705508184248,63,3,292,17,63,"['Dulcy', 'Katerina', 'Nettie']",None,None
SCAN_NEIGHBOR,4220.385180087612,4230.385180087612,10.0,63,3,294,18,None,[],None,None
ENUM_HOST,4230.385180087612,4236.141833029011,5.756652941398897,63,3,294,18,None,[],network,HostTopologyShuffle
SCAN_HOST,4238.141833029011,4248.141833029011,10.0,-1,0,294,18,None,[],None,None
ENUM_HOST,4248.141833029011,4263.141833029011,15.0,-1,0,294,18,None,[],None,None
SCAN_PORT,4263.141833029011,4283.141833029011,20.0,66,5,294,18,None,[],None,None
EXPLOIT_VULN,4283.141833029011,4288.02519571027,4.883362681259314,66,5,294,18,None,[],network,IPShuffle
SCAN_HOST,4290.02519571027,4300.02519571027,10.0,-1,0,294,18,None,[],None,None
ENUM_HOST,4300.02519571027,4315.02519571027,15.0,-1,0,294,18,None,[],None,None
SCAN_PORT,4315.02519571027,4335.02519571027,20.0,54,4,294,18,None,[],None,None
EXPLOIT_VULN,4335.02519571027,4358.404329150214,23.37913343994387,54,4,294,18,None,[],network,HostTopologyShuffle
SCAN_HOST,4360.404329150214,4370.404329150214,10.0,-1,0,294,18,None,[],None,None
ENUM_HOST,4370.404329150214,4385.404329150214,15.0,-1,0,294,18,None,[],None,None
SCAN_PORT,4385.404329150214,4405.404329150214,20.0,24,1,294,18,None,[],None,None
EXPLOIT_VULN,4405.404329150214,4430.864277694135,25.4599485439212,24,1,294,18,24,"['Corissa', 'Indira', 'Alanna', 'Margareta', 'Sunshine']",None,None
SCAN_NEIGHBOR,4430.864277694135,4439.285287392842,8.421009698707167,24,1,298,19,None,[],network,IPShuffle
SCAN_HOST,4441.285287392842,4451.285287392842,10.0,-1,0,298,19,None,[],None,None
ENUM_HOST,4451.285287392842,4466.285287392842,15.0,-1,0,298,19,None,[],None,None
SCAN_PORT,4466.285287392842,4486.285287392842,20.0,53,5,298,19,None,[],None,None
EXPLOIT_VULN,4486.285287392842,4511.599460068494,25.314172675652117,53,5,298,19,53,"['Camel', 'Dorree', 'Cathrin', 'Blinnie']",None,None
SCAN_NEIGHBOR,4511.599460068494,4521.599460068494,10.0,53,5,303,20,None,[],None,None
ENUM_HOST,4521.599460068494,4536.599460068494,15.0,53,5,303,20,None,[],None,None
ENUM_HOST,4536.599460068494,4551.599460068494,15.0,53,6,303,20,None,[],None,None
ENUM_HOST,4551.599460068494,4566.599460068494,15.0,53,7,303,20,None,[],None,None
ENUM_HOST,4566.599460068494,4570.644016820972,4.044556752477547,53,8,303,20,None,[],network,HostTopologyShuffle
SCAN_HOST,4572.644016820972,4582.644016820972,10.0,-1,0,303,20,None,[],None,None
ENUM_HOST,4582.644016820972,4597.644016820972,15.0,-1,0,303,20,None,[],None,None
SCAN_PORT,4597.644016820972,4617.644016820972,20.0,70,1,303,20,None,[],None,None
EXPLOIT_VULN,4617.644016820972,4632.117166108117,14.473149287145134,70,1,303,20,None,[],application,osdiversity
SCAN_PORT,4634.117166108117,4654.117166108117,20.0,70,1,303,20,None,[],None,None
EXPLOIT_VULN,4654.117166108117,4680.0688681108695,25.951702002752427,70,1,303,20,70,"['Kandace', 'Carree', 'Ramonda']",None,None
SCAN_NEIGHBOR,4680.0688681108695,4690.0688681108695,10.0,70,1,306,21,None,[],None,None
ENUM_HOST,4690.0688681108695,4691.940693826489,1.871825715619707,70,1,306,21,None,[],network,HostTopologyShuffle
SCAN_HOST,4693.940693826489,4703.940693826489,10.0,-1,0,306,21,None,[],None,None
ENUM_HOST,4703.940693826489,4718.940693826489,15.0,-1,0,306,21,None,[],None,None
SCAN_PORT,4718.940693826489,4738.940693826489,20.0,54,5,306,21,None,[],None,None
EXPLOIT_VULN,4738.940693826489,4753.4541807992155,14.513486972726241,54,5,306,21,None,[],application,osdiversity
SCAN_PORT,4755.4541807992155,4775.4541807992155,20.0,54,5,306,21,None,[],None,None
EXPLOIT_VULN,4775.4541807992155,4800.457737938982,25.0035571397666,54,5,306,21,54,"['Elberta', 'Audy', 'Lottie']",None,None
SCAN_NEIGHBOR,4800.457737938982,4804.191585151276,3.7338472122937674,54,5,316,22,None,[],network,IPShuffle
SCAN_HOST,4806.191585151276,4816.191585151276,10.0,-1,0,316,22,None,[],None,None
ENUM_HOST,4816.191585151276,4831.191585151276,15.0,-1,0,316,22,None,[],None,None
SCAN_PORT,4831.191585151276,4850.442811675085,19.251226523809237,76,3,316,22,None,[],application,PortShuffle
SCAN_PORT,4852.442811675085,4872.442811675085,20.0,76,3,316,22,76,"['Bridie', 'Tori', 'Shela']",None,None
SCAN_NEIGHBOR,4872.442811675085,4882.442811675085,10.0,76,3,316,23,None,[],None,None
ENUM_HOST,4882.442811675085,4897.442811675085,15.0,76,3,316,23,None,[],None,None
SCAN_PORT,4897.442811675085,4905.581936114365,8.13912443927984,37,2,316,23,None,[],network,HostTopologyShuffle
SCAN_HOST,4907.581936114365,4917.581936114365,10.0,-1,0,316,23,None,[],None,None
ENUM_HOST,4917.581936114365,4932.581936114365,15.0,-1,0,316,23,None,[],None,None
SCAN_PORT,4932.581936114365,4952.581936114365,20.0,53,9,316,23,None,[],None,None
EXPLOIT_VULN,4952.581936114365,4955.803282008768,3.2213458944033846,53,9,316,23,None,[],network,IPShuffle
SCAN_HOST,4957.803282008768,4967.803282008768,10.0,-1,0,316,23,None,[],None,None
ENUM_HOST,4967.803282008768,4982.803282008768,15.0,-1,0,316,23,None,[],None,None
SCAN_PORT,4982.803282008768,5002.803282008768,20.0,37,3,316,23,None,[],None,None
EXPLOIT_VULN,5002.803282008768,5027.45804328261,24.65476127384136,37,3,316,23,None,[],network,HostTopologyShuffle
SCAN_HOST,5029.45804328261,5039.45804328261,10.0,-1,0,316,23,None,[],None,None
ENUM_HOST,5039.45804328261,5054.45804328261,15.0,-1,0,316,23,None,[],None,None
SCAN_PORT,5054.45804328261,5074.45804328261,20.0,53,10,316,23,None,[],None,None
EXPLOIT_VULN,5074.45804328261,5077.778723500343,3.320680217733752,53,10,316,23,None,[],network,IPShuffle
SCAN_HOST,5079.778723500343,5089.778723500343,10.0,-1,0,316,23,None,[],None,None
ENUM_HOST,5089.778723500343,5104.778723500343,15.0,-1,0,316,23,None,[],None,None
SCAN_PORT,5104.778723500343,5124.778723500343,20.0,46,1,316,23,None,[],None,None
EXPLOIT_VULN,5124.778723500343,5148.211463859829,23.43274035948525,46,1,316,23,None,[],application,osdiversity
SCAN_PORT,5150.211463859829,5170.211463859829,20.0,46,1,316,23,None,[],None,None
EXPLOIT_VULN,5170.211463859829,5183.867844223258,13.65638036342898,46,1,316,23,None,[],application,PortShuffle
SCAN_PORT,5185.867844223258,5205.867844223258,20.0,46,1,316,23,None,[],None,None
EXPLOIT_VULN,5205.867844223258,5229.516275321539,23.648431098281435,46,1,316,23,None,[],network,IPShuffle
SCAN_HOST,5231.516275321539,5241.516275321539,10.0,-1,0,316,23,None,[],None,None
ENUM_HOST,5241.516275321539,5256.516275321539,15.0,-1,0,316,23,None,[],None,None
SCAN_PORT,5256.516275321539,5276.516275321539,20.0,70,2,316,23,None,[],None,None
EXPLOIT_VULN,5276.516275321539,5292.065935088032,15.549659766493278,70,2,316,23,None,[],network,IPShuffle
SCAN_HOST,5294.065935088032,5304.065935088032,10.0,-1,0,316,23,None,[],None,None
ENUM_HOST,5304.065935088032,5319.065935088032,15.0,-1,0,316,23,None,[],None,None
SCAN_PORT,5319.065935088032,5339.065935088032,20.0,66,6,316,23,None,[],None,None
EXPLOIT_VULN,5339.065935088032,5353.306048634664,14.240113546631619,66,6,316,23,None,[],network,IPShuffle
SCAN_HOST,5355.306048634664,5365.306048634664,10.0,-1,0,316,23,None,[],None,None
ENUM_HOST,5365.306048634664,5380.306048634664,15.0,-1,0,316,23,None,[],None,None
SCAN_PORT,5380.306048634664,5400.306048634664,20.0,38,1,316,23,None,[],None,None
EXPLOIT_VULN,5400.306048634664,5413.936900790417,13.630852155753018,38,1,316,23,None,[],network,IPShuffle
SCAN_HOST,5415.936900790417,5425.936900790417,10.0,-1,0,316,23,None,[],None,None
ENUM_HOST,5425.936900790417,5440.936900790417,15.0,-1,0,316,23,None,[],None,None
SCAN_PORT,5440.936900790417,5460.936900790417,20.0,54,6,316,23,None,[],None,None
EXPLOIT_VULN,5460.936900790417,5473.849538725512,12.912637935094608,54,6,316,23,None,[],network,IPShuffle
SCAN_HOST,5475.849538725512,5485.849538725512,10.0,-1,0,316,23,None,[],None,None
ENUM_HOST,5485.849538725512,5500.849538725512,15.0,-1,0,316,23,None,[],None,None
SCAN_PORT,5500.849538725512,5520.849538725512,20.0,74,3,316,23,None,[],None,None
EXPLOIT_VULN,5520.849538725512,5544.485300042187,23.635761316675598,74,3,316,23,None,[],network,HostTopologyShuffle
SCAN_HOST,5546.485300042187,5556.485300042187,10.0,-1,0,316,23,None,[],None,None
ENUM_HOST,5556.485300042187,5571.485300042187,15.0,-1,0,316,23,None,[],None,None
SCAN_PORT,5571.485300042187,5591.485300042187,20.0,37,4,316,23,37,"['Florence', 'Rachelle', 'Papagena']",None,None
SCAN_NEIGHBOR,5591.485300042187,5601.485300042187,10.0,37,4,316,24,None,[],None,None
ENUM_HOST,5601.485300042187,5604.966301177285,3.481001135097358,37,4,316,24,None,[],network,HostTopologyShuffle
SCAN_HOST,5606.966301177285,5616.966301177285,10.0,-1,0,316,24,None,[],None,None
ENUM_HOST,5616.966301177285,5631.966301177285,15.0,-1,0,316,24,None,[],None,None
SCAN_PORT,5631.966301177285,5651.966301177285,20.0,38,2,316,24,None,[],None,None
EXPLOIT_VULN,5651.966301177285,5656.474736754576,4.508435577291493,38,2,316,24,None,[],network,IPShuffle
SCAN_HOST,5658.474736754576,5668.474736754576,10.0,-1,0,316,24,None,[],None,None
ENUM_HOST,5668.474736754576,5683.474736754576,15.0,-1,0,316,24,None,[],None,None
SCAN_PORT,5683.474736754576,5703.474736754576,20.0,38,3,316,24,None,[],None,None
EXPLOIT_VULN,5703.474736754576,5728.489890742808,25.01515398823176,38,3,316,24,None,[],network,HostTopologyShuffle
SCAN_HOST,5730.489890742808,5740.489890742808,10.0,-1,0,316,24,None,[],None,None
ENUM_HOST,5740.489890742808,5755.489890742808,15.0,-1,0,316,24,None,[],None,None
SCAN_PORT,5755.489890742808,5775.489890742808,20.0,54,7,316,24,None,[],None,None
EXPLOIT_VULN,5775.489890742808,5795.865685933623,20.375795190815552,54,7,316,24,None,[],application,PortShuffle
SCAN_PORT,5797.865685933623,5817.865685933623,20.0,54,7,316,24,None,[],None,None
EXPLOIT_VULN,5817.865685933623,5843.233765376114,25.368079442490853,54,7,316,24,None,[],None,None
BRUTE_FORCE,5843.233765376114,5851.007491178867,7.773725802752779,54,7,324,24,None,[],application,osdiversity
SCAN_PORT,5853.007491178867,5873.007491178867,20.0,54,7,324,24,None,[],None,None
EXPLOIT_VULN,5873.007491178867,5882.30496161746,9.297470438593336,54,7,324,24,None,[],application,osdiversity
SCAN_PORT,5884.30496161746,5904.30496161746,20.0,54,7,324,24,None,[],None,None
EXPLOIT_VULN,5904.30496161746,5929.668915577168,25.363953959707942,54,7,324,24,None,[],None,None
SCAN_NEIGHBOR,5929.668915577168,5939.668915577168,10.0,54,7,330,24,None,[],None,None
ENUM_HOST,5939.668915577168,5943.454113329345,3.7851977521768276,54,7,330,24,None,[],network,HostTopologyShuffle
SCAN_HOST,5945.454113329345,5955.454113329345,10.0,-1,0,330,24,None,[],None,None
ENUM_HOST,5955.454113329345,5970.454113329345,15.0,-1,0,330,24,None,[],None,None
SCAN_PORT,5970.454113329345,5990.454113329345,20.0,64,4,330,24,None,[],None,None
EXPLOIT_VULN,5990.454113329345,6003.678151614126,13.224038284781273,64,4,330,24,None,[],network,HostTopologyShuffle
SCAN_HOST,6005.678151614126,6015.678151614126,10.0,-1,0,330,24,None,[],None,None
ENUM_HOST,6015.678151614126,6030.678151614126,15.0,-1,0,330,24,None,[],None,None
SCAN_PORT,6030.678151614126,6050.678151614126,20.0,63,4,330,24,None,[],None,None
EXPLOIT_VULN,6050.678151614126,6055.151274124081,4.473122509954919,63,4,330,24,None,[],network,IPShuffle
SCAN_HOST,6057.151274124081,6067.151274124081,10.0,-1,0,330,24,None,[],None,None
ENUM_HOST,6067.151274124081,6082.151274124081,15.0,-1,0,330,24,None,[],None,None
SCAN_PORT,6082.151274124081,6102.151274124081,20.0,63,5,330,24,None,[],None,None
EXPLOIT_VULN,6102.151274124081,6126.505830245047,24.354556120965754,63,5,330,24,None,[],network,HostTopologyShuffle
SCAN_HOST,6128.505830245047,6138.505830245047,10.0,-1,0,330,24,None,[],None,None
ENUM_HOST,6138.505830245047,6153.505830245047,15.0,-1,0,330,24,None,[],None,None
SCAN_PORT,6153.505830245047,6173.505830245047,20.0,24,2,330,24,None,[],None,None
EXPLOIT_VULN,6173.505830245047,6198.69038773209,25.184557487043094,24,2,330,24,24,"['Van', 'Antonetta', 'Rodina', 'Nanon']",None,None
SCAN_NEIGHBOR,6198.69038773209,6208.69038773209,10.0,24,2,337,25,None,[],None,None
ENUM_HOST,6208.69038773209,6217.6151536348825,8.924765902792387,24,2,337,25,None,[],network,HostTopologyShuffle
SCAN_HOST,6219.6151536348825,6229.6151536348825,10.0,-1,0,337,25,None,[],None,None
ENUM_HOST,6229.6151536348825,6244.6151536348825,15.0,-1,0,337,25,None,[],None,None
SCAN_PORT,6244.6151536348825,6264.6151536348825,20.0,73,7,337,25,None,[],None,None
EXPLOIT_VULN,6264.6151536348825,6291.674643603184,27.059489968301932,73,7,337,25,73,"['Sherri', 'Brittani']",None,None
SCAN_NEIGHBOR,6291.674643603184,6301.674643603184,10.0,73,7,346,26,None,[],None,None
ENUM_HOST,6301.674643603184,6308.646698141226,6.972054538041448,73,7,346,26,None,[],network,HostTopologyShuffle
SCAN_HOST,6310.646698141226,6320.646698141226,10.0,-1,0,346,26,None,[],None,None
ENUM_HOST,6320.646698141226,6335.646698141226,15.0,-1,0,346,26,None,[],None,None
SCAN_PORT,6335.646698141226,6345.1467506248555,9.500052483629588,30,5,346,26,None,[],application,PortShuffle
SCAN_PORT,6347.1467506248555,6367.1467506248555,20.0,30,5,346,26,None,[],None,None
EXPLOIT_VULN,6367.1467506248555,6392.575692747905,25.428942123049637,30,5,346,26,30,"['Hildagard', 'Randene']",None,None
SCAN_NEIGHBOR,6392.575692747905,6402.575692747905,10.0,30,5,358,27,None,[],None,None
ENUM_HOST,6402.575692747905,6417.575692747905,15.0,30,5,358,27,None,[],None,None
ENUM_HOST,6417.575692747905,6432.575692747905,15.0,30,6,358,27,None,[],None,None
ENUM_HOST,6432.575692747905,6447.575692747905,15.0,30,7,358,27,None,[],None,None
SCAN_PORT,6447.575692747905,6467.575692747905,20.0,31,1,358,27,None,[],None,None
EXPLOIT_VULN,6467.575692747905,6492.947380193191,25.371687445285716,31,1,358,27,31,['Pauli'],None,None
SCAN_NEIGHBOR,6492.947380193191,6493.2360560896395,0.2886758964486944,31,1,364,28,None,[],network,HostTopologyShuffle
SCAN_HOST,6495.2360560896395,6505.2360560896395,10.0,-1,0,364,28,None,[],None,None
ENUM_HOST,6505.2360560896395,6520.2360560896395,15.0,-1,0,364,28,None,[],None,None
SCAN_PORT,6520.2360560896395,6540.2360560896395,20.0,55,4,364,28,None,[],None,None
EXPLOIT_VULN,6540.2360560896395,6545.1495317423405,4.913475652700981,55,4,364,28,None,[],network,IPShuffle
SCAN_HOST,6547.1495317423405,6557.1495317423405,10.0,-1,0,364,28,None,[],None,None
ENUM_HOST,6557.1495317423405,6572.1495317423405,15.0,-1,0,364,28,64,[],None,None
ENUM_HOST,6572.1495317423405,6587.1495317423405,15.0,64,5,364,29,None,[],None,None
ENUM_HOST,6587.1495317423405,6602.1495317423405,15.0,64,6,364,29,None,[],None,None
SCAN_PORT,6602.1495317423405,6606.326464920577,4.1769331782361405,55,5,364,29,None,[],network,IPShuffle
SCAN_HOST,6608.326464920577,6618.326464920577,10.0,-1,0,364,29,None,[],None,None
ENUM_HOST,6618.326464920577,6633.326464920577,15.0,-1,0,364,29,None,[],None,None
SCAN_PORT,6633.326464920577,6653.326464920577,20.0,66,7,364,29,None,[],None,None
EXPLOIT_VULN,6653.326464920577,6676.721209622476,23.39474470189907,66,7,364,29,None,[],network,HostTopologyShuffle
SCAN_HOST,6678.721209622476,6688.721209622476,10.0,-1,0,364,29,None,[],None,None
ENUM_HOST,6688.721209622476,6703.721209622476,15.0,-1,0,364,29,None,[],None,None
SCAN_PORT,6703.721209622476,6723.721209622476,20.0,30,8,364,29,None,[],None,None
EXPLOIT_VULN,6723.721209622476,6738.395819449107,14.67460982663124,30,8,364,29,None,[],network,HostTopologyShuffle
SCAN_HOST,6740.395819449107,6750.395819449107,10.0,-1,0,364,29,None,[],None,None
ENUM_HOST,6750.395819449107,6765.395819449107,15.0,-1,0,364,29,None,[],None,None
SCAN_PORT,6765.395819449107,6785.395819449107,20.0,54,8,364,29,None,[],None,None
EXPLOIT_VULN,6785.395819449107,6810.705027837112,25.309208388004663,54,8,364,29,54,['Sheela'],None,None
SCAN_NEIGHBOR,6810.705027837112,6818.842556313022,8.137528475910585,54,8,370,30,None,[],network,IPShuffle
SCAN_HOST,6820.842556313022,6830.842556313022,10.0,-1,0,370,30,None,[],None,None
ENUM_HOST,6830.842556313022,6845.842556313022,15.0,-1,0,370,30,38,"['Teddy', 'Ginnie', 'Cecil', 'Deeanne']",None,None
ENUM_HOST,6845.842556313022,6860.842556313022,15.0,38,4,370,31,None,[],None,None
ENUM_HOST,6860.842556313022,6875.842556313022,15.0,38,5,370,31,None,[],None,None
SCAN_PORT,6875.842556313022,6880.0186706513305,4.176114338308253,76,4,370,31,None,[],network,IPShuffle
SCAN_HOST,6882.0186706513305,6892.0186706513305,10.0,-1,0,370,31,None,[],None,None
ENUM_HOST,6892.0186706513305,6907.0186706513305,15.0,-1,0,370,31,None,[],None,None
SCAN_PORT,6907.0186706513305,6927.0186706513305,20.0,76,5,370,31,None,[],None,None
EXPLOIT_VULN,6927.0186706513305,6951.705638671011,24.686968019680535,76,5,370,31,None,[],network,HostTopologyShuffle
SCAN_HOST,6953.705638671011,6963.705638671011,10.0,-1,0,370,31,None,[],None,None
ENUM_HOST,6963.705638671011,6978.705638671011,15.0,-1,0,370,31,None,[],None,None
SCAN_PORT,6978.705638671011,6998.705638671011,20.0,30,9,370,31,None,[],None,None
EXPLOIT_VULN,6998.705638671011,7003.03747034856,4.331831677549417,30,9,370,31,None,[],network,IPShuffle
SCAN_HOST,7005.03747034856,7015.03747034856,10.0,-1,0,370,31,None,[],None,None
ENUM_HOST,7015.03747034856,7030.03747034856,15.0,-1,0,370,31,None,[],None,None
SCAN_PORT,7030.03747034856,7050.03747034856,20.0,74,4,370,31,None,[],None,None
EXPLOIT_VULN,7050.03747034856,7063.988684758021,13.95121440946059,74,4,370,31,None,[],network,IPShuffle
SCAN_HOST,7065.988684758021,7075.988684758021,10.0,-1,0,370,31,None,[],None,None
ENUM_HOST,7075.988684758021,7090.988684758021,15.0,-1,0,370,31,None,[],None,None
SCAN_PORT,7090.988684758021,7110.988684758021,20.0,74,5,370,31,None,[],None,None
EXPLOIT_VULN,7110.988684758021,7133.711963482025,22.72327872400365,74,5,370,31,None,[],network,HostTopologyShuffle
SCAN_HOST,7135.711963482025,7145.711963482025,10.0,-1,0,370,31,None,[],None,None
ENUM_HOST,7145.711963482025,7160.711963482025,15.0,-1,0,370,31,None,[],None,None
SCAN_PORT,7160.711963482025,7180.711963482025,20.0,64,7,370,31,None,[],None,None
EXPLOIT_VULN,7180.711963482025,7184.389166567358,3.677203085333531,64,7,370,31,None,[],network,IPShuffle
SCAN_HOST,7186.389166567358,7196.389166567358,10.0,-1,0,370,31,None,[],None,None
ENUM_HOST,7196.389166567358,7211.389166567358,15.0,-1,0,370,31,None,[],None,None
SCAN_PORT,7211.389166567358,7231.389166567358,20.0,64,8,370,31,None,[],None,None
EXPLOIT_VULN,7231.389166567358,7245.942539033651,14.553372466292785,64,8,370,31,None,[],network,IPShuffle
SCAN_HOST,7247.942539033651,7257.942539033651,10.0,-1,0,370,31,None,[],None,None
ENUM_HOST,7257.942539033651,7272.942539033651,15.0,-1,0,370,31,None,[],None,None
SCAN_PORT,7272.942539033651,7292.942539033651,20.0,70,3,370,31,None,[],None,None
EXPLOIT_VULN,7292.942539033651,7308.426495763291,15.48395672964034,70,3,370,31,None,[],network,IPShuffle
SCAN_HOST,7310.426495763291,7320.426495763291,10.0,-1,0,370,31,None,[],None,None
ENUM_HOST,7320.426495763291,7335.426495763291,15.0,-1,0,370,31,None,[],None,None
SCAN_PORT,7335.426495763291,7355.426495763291,20.0,70,4,370,31,None,[],None,None
EXPLOIT_VULN,7355.426495763291,7367.987625632067,12.561129868775424,70,4,370,31,None,[],network,IPShuffle
SCAN_HOST,7369.987625632067,7379.987625632067,10.0,-1,0,370,31,None,[],None,None
ENUM_HOST,7379.987625632067,7394.987625632067,15.0,-1,0,370,31,None,[],None,None
SCAN_PORT,7394.987625632067,7414.987625632067,20.0,66,8,370,31,None,[],None,None
EXPLOIT_VULN,7414.987625632067,7439.150007157756,24.162381525688943,66,8,370,31,None,[],network,HostTopologyShuffle
SCAN_HOST,7441.150007157756,7451.150007157756,10.0,-1,0,370,31,None,[],None,None
ENUM_HOST,7451.150007157756,7466.150007157756,15.0,-1,0,370,31,None,[],None,None
SCAN_PORT,7466.150007157756,7486.150007157756,20.0,73,8,370,31,73,"['Heloise', 'Belicia']",None,None
SCAN_NEIGHBOR,7486.150007157756,7489.492136566394,3.342129408638357,73,8,370,32,None,[],network,IPShuffle
SCAN_HOST,7491.492136566394,7501.492136566394,10.0,-1,0,370,32,None,[],None,None
ENUM_HOST,7501.492136566394,7516.492136566394,15.0,-1,0,370,32,None,[],None,None
SCAN_PORT,7516.492136566394,7536.492136566394,20.0,76,6,370,32,None,[],None,None
EXPLOIT_VULN,7536.492136566394,7559.9876245466985,23.49548798030446,76,6,370,32,None,[],network,HostTopologyShuffle
SCAN_HOST,7561.9876245466985,7571.9876245466985,10.0,-1,0,370,32,None,[],None,None
ENUM_HOST,7571.9876245466985,7586.9876245466985,15.0,-1,0,370,32,None,[],None,None
SCAN_PORT,7586.9876245466985,7606.9876245466985,20.0,64,9,370,32,None,[],None,None
EXPLOIT_VULN,7606.9876245466985,7626.843590364315,19.85596581761638,64,9,370,32,None,[],application,PortShuffle
SCAN_PORT,7628.843590364315,7648.843590364315,20.0,64,9,370,32,None,[],None,None
EXPLOIT_VULN,7648.843590364315,7674.302798508353,25.459208144037802,64,9,370,32,64,['Allys'],None,None
SCAN_NEIGHBOR,7674.302798508353,7684.302798508353,10.0,64,9,372,33,None,[],None,None
ENUM_HOST,7684.302798508353,7699.302798508353,15.0,64,9,372,33,None,[],None,None
ENUM_HOST,7699.302798508353,7714.302798508353,15.0,64,10,372,33,None,[],None,None
ENUM_HOST,7714.302798508353,7729.302798508353,15.0,64,11,372,33,None,[],None,None
ENUM_HOST,7729.302798508353,7733.746319654271,4.443521145918567,64,12,372,33,None,[],network,IPShuffle
SCAN_HOST,7735.746319654271,7745.746319654271,10.0,-1,0,372,33,None,[],None,None
ENUM_HOST,7745.746319654271,7760.746319654271,15.0,-1,0,372,33,None,[],None,None
SCAN_PORT,7760.746319654271,7780.746319654271,20.0,55,6,372,33,None,[],None,None
EXPLOIT_VULN,7780.746319654271,7794.132638065447,13.386318411176035,55,6,372,33,None,[],network,IPShuffle
SCAN_HOST,7796.132638065447,7806.132638065447,10.0,-1,0,372,33,None,[],None,None
ENUM_HOST,7806.132638065447,7821.132638065447,15.0,-1,0,372,33,None,[],None,None
SCAN_PORT,7821.132638065447,7841.132638065447,20.0,73,9,372,33,None,[],None,None
EXPLOIT_VULN,7841.132638065447,7867.3451354714225,26.212497405975228,73,9,372,33,73,['Kamila'],None,None
SCAN_NEIGHBOR,7867.3451354714225,7867.448233548749,0.10309807732664922,73,9,381,34,None,[],network,HostTopologyShuffle
SCAN_HOST,7869.448233548749,7879.448233548749,10.0,-1,0,381,34,None,[],None,None
ENUM_HOST,7879.448233548749,7894.448233548749,15.0,-1,0,381,34,None,[],None,None
SCAN_PORT,7894.448233548749,7914.448233548749,20.0,38,6,381,34,None,[],None,None
EXPLOIT_VULN,7914.448233548749,7942.508063524843,28.05982997609408,38,6,381,34,38,[],None,None
SCAN_NEIGHBOR,7942.508063524843,7952.508063524843,10.0,38,6,382,35,None,[],None,None
ENUM_HOST,7952.508063524843,7958.088525487827,5.580461962983463,38,6,382,35,None,[],network,HostTopologyShuffle
SCAN_HOST,7960.088525487827,7970.088525487827,10.0,-1,0,382,35,None,[],None,None
ENUM_HOST,7970.088525487827,7985.088525487827,15.0,-1,0,382,35,None,[],None,None
SCAN_PORT,7985.088525487827,8005.088525487827,20.0,55,7,382,35,None,[],None,None
EXPLOIT_VULN,8005.088525487827,8010.870682986386,5.782157498559172,55,7,382,35,None,[],network,IPShuffle
SCAN_HOST,8012.870682986386,8022.870682986386,10.0,-1,0,382,35,None,[],None,None
ENUM_HOST,8022.870682986386,8037.870682986386,15.0,-1,0,382,35,None,[],None,None
SCAN_PORT,8037.870682986386,8057.870682986386,20.0,55,8,382,35,None,[],None,None
EXPLOIT_VULN,8057.870682986386,8083.727152129905,25.856469143519462,55,8,382,35,None,[],None,None
BRUTE_FORCE,8083.727152129905,8085.686679348949,1.9595272190435935,55,8,385,35,None,[],application,PortShuffle
SCAN_PORT,8087.686679348949,8107.686679348949,20.0,55,8,385,35,None,[],None,None
EXPLOIT_VULN,8107.686679348949,8132.837678515195,25.150999166246038,55,8,385,35,None,[],None,None
BRUTE_FORCE,8132.837678515195,8145.8113870169045,12.973708501709552,55,8,386,35,None,[],application,PortShuffle
SCAN_PORT,8147.8113870169045,8167.8113870169045,20.0,55,8,386,35,None,[],None,None
EXPLOIT_VULN,8167.8113870169045,8194.822316253178,27.010929236273114,55,8,386,35,None,[],None,None
BRUTE_FORCE,8194.822316253178,8201.142728355257,6.32041210207899,55,8,387,35,None,[],network,HostTopologyShuffle
SCAN_HOST,8203.142728355257,8213.142728355257,10.0,-1,0,387,35,None,[],None,None
ENUM_HOST,8213.142728355257,8228.142728355257,15.0,-1,0,387,35,None,[],None,None
SCAN_PORT,8228.142728355257,8248.142728355257,20.0,73,10,387,35,None,[],None,None
EXPLOIT_VULN,8248.142728355257,8262.595801047606,14.453072692349451,73,10,387,35,None,[],network,HostTopologyShuffle
SCAN_HOST,8264.595801047606,8274.595801047606,10.0,-1,0,387,35,None,[],None,None
ENUM_HOST,8274.595801047606,8289.595801047606,15.0,-1,0,387,35,None,[],None,None
SCAN_PORT,8289.595801047606,8309.595801047606,20.0,66,9,387,35,None,[],None,None
EXPLOIT_VULN,8309.595801047606,8323.065913263534,13.470112215927657,66,9,387,35,None,[],network,HostTopologyShuffle
SCAN_HOST,8325.065913263534,8335.065913263534,10.0,-1,0,387,35,None,[],None,None
ENUM_HOST,8335.065913263534,8350.065913263534,15.0,-1,0,387,35,None,[],None,None
SCAN_PORT,8350.065913263534,8370.065913263534,20.0,29,2,387,35,None,[],None,None
EXPLOIT_VULN,8370.065913263534,8375.470149078374,5.404235814839922,29,2,387,35,None,[],network,IPShuffle
SCAN_HOST,8377.470149078374,8387.470149078374,10.0,-1,0,387,35,None,[],None,None
ENUM_HOST,8387.470149078374,8402.470149078374,15.0,-1,0,387,35,None,[],None,None
SCAN_PORT,8402.470149078374,8422.470149078374,20.0,29,3,387,35,None,[],None,None
EXPLOIT_VULN,8422.470149078374,8435.803231747099,13.333082668725183,29,3,387,35,None,[],network,IPShuffle
SCAN_HOST,8437.803231747099,8447.803231747099,10.0,-1,0,387,35,None,[],None,None
ENUM_HOST,8447.803231747099,8462.803231747099,15.0,-1,0,387,35,None,[],None,None
SCAN_PORT,8462.803231747099,8482.803231747099,20.0,29,4,387,35,None,[],None,None
EXPLOIT_VULN,8482.803231747099,8496.035456866917,13.232225119818395,29,4,387,35,None,[],network,IPShuffle
SCAN_HOST,8498.035456866917,8508.035456866917,10.0,-1,0,387,35,None,[],None,None
ENUM_HOST,8508.035456866917,8523.035456866917,15.0,-1,0,387,35,None,[],None,None
SCAN_PORT,8523.035456866917,8543.035456866917,20.0,29,5,387,35,None,[],None,None
EXPLOIT_VULN,8543.035456866917,8568.551739511307,25.51628264439023,29,5,387,35,29,"['Augustina', 'Cybil']",None,None
SCAN_NEIGHBOR,8568.551739511307,8578.551739511307,10.0,29,5,390,36,None,[],None,None
ENUM_HOST,8578.551739511307,8593.551739511307,15.0,29,5,390,36,None,[],None,None
ENUM_HOST,8593.551739511307,8608.551739511307,15.0,29,6,390,36,None,[],None,None
SCAN_PORT,8608.551739511307,8628.551739511307,20.0,93,1,390,36,None,[],None,None
EXPLOIT_VULN,8628.551739511307,8632.088244863311,3.536505352003587,93,1,390,36,None,[],application,PortShuffle
SCAN_PORT,8634.088244863311,8654.088244863311,20.0,93,1,390,36,None,[],None,None
EXPLOIT_VULN,8654.088244863311,8680.222609702685,26.13436483937403,93,1,390,36,93,"['Jammie', 'Sorcha', 'Halie']",None,None
SCAN_NEIGHBOR,8680.222609702685,8690.222609702685,10.0,93,1,393,37,None,[],None,None
ENUM_HOST,8690.222609702685,8705.222609702685,15.0,93,1,393,37,None,[],None,None
SCAN_PORT,8705.222609702685,8725.222609702685,20.0,76,7,393,37,None,[],None,None
EXPLOIT_VULN,8725.222609702685,8725.23374914422,0.01113944153439661,76,7,393,37,None,[],application,PortShuffle
SCAN_PORT,8727.23374914422,8747.23374914422,20.0,76,7,393,37,None,[],None,None
EXPLOIT_VULN,8747.23374914422,8772.525705793294,25.291956649074564,76,7,393,37,None,[],None,None
BRUTE_FORCE,8772.525705793294,8781.61135560383,9.08564981053678,76,7,395,37,None,[],application,osdiversity
SCAN_PORT,8783.61135560383,8803.61135560383,20.0,76,7,395,37,None,[],None,None
EXPLOIT_VULN,8803.61135560383,8828.727812999112,25.11645739528103,76,7,395,37,76,"['Gabriella', 'Sybil']",None,None
SCAN_NEIGHBOR,8828.727812999112,8832.840386481603,4.112573482490916,76,7,395,38,None,[],network,IPShuffle
SCAN_HOST,8834.840386481603,8844.840386481603,10.0,-1,0,395,38,None,[],None,None
ENUM_HOST,8844.840386481603,8859.840386481603,15.0,-1,0,395,38,None,[],None,None
SCAN_PORT,8859.840386481603,8879.840386481603,20.0,54,9,395,38,None,[],None,None
EXPLOIT_VULN,8879.840386481603,8904.034378062333,24.193991580730653,54,9,395,38,None,[],application,osdiversity
SCAN_PORT,8906.034378062333,8926.034378062333,20.0,54,9,395,38,None,[],None,None
EXPLOIT_VULN,8926.034378062333,8951.501762859396,25.46738479706255,54,9,395,38,54,[],None,None
SCAN_NEIGHBOR,8951.501762859396,8953.67084641814,2.1690835587432957,54,9,399,39,None,[],network,IPShuffle
SCAN_HOST,8955.67084641814,8965.67084641814,10.0,-1,0,399,39,None,[],None,None
ENUM_HOST,8965.67084641814,8980.67084641814,15.0,-1,0,399,39,None,[],None,None
SCAN_PORT,8980.67084641814,9000.67084641814,20.0,63,6,399,39,None,[],None,None
EXPLOIT_VULN,9000.67084641814,9024.887242280416,24.21639586227684,63,6,399,39,None,[],network,HostTopologyShuffle
SCAN_HOST,9026.887242280416,9036.887242280416,10.0,-1,0,399,39,None,[],None,None
ENUM_HOST,9036.887242280416,9051.887242280416,15.0,-1,0,399,39,None,[],None,None
SCAN_PORT,9051.887242280416,9071.887242280416,20.0,66,10,399,39,None,[],None,None
EXPLOIT_VULN,9071.887242280416,9086.465241003063,14.577998722646953,66,10,399,39,None,[],application,osdiversity
SCAN_PORT,9088.465241003063,9108.465241003063,20.0,66,10,399,39,None,[],None,None
EXPLOIT_VULN,9108.465241003063,9133.975176939186,25.50993593612293,66,10,399,39,66,"['Lea', 'Wilie', 'Twyla']",None,None
SCAN_NEIGHBOR,9133.975176939186,9143.975176939186,10.0,66,10,428,40,None,[],None,None
ENUM_HOST,9143.975176939186,9158.975176939186,15.0,66,10,428,40,None,[],None,None
ENUM_HOST,9158.975176939186,9173.975176939186,15.0,66,11,428,40,None,[],None,None
ENUM_HOST,9173.975176939186,9188.975176939186,15.0,66,12,428,40,None,[],None,None
SCAN_PORT,9188.975176939186,9207.883653661653,18.90847672246673,30,10,428,40,None,[],network,HostTopologyShuffle
SCAN_HOST,9209.883653661653,9219.883653661653,10.0,-1,0,428,40,None,[],None,None
ENUM_HOST,9219.883653661653,9234.883653661653,15.0,-1,0,428,40,38,[],None,None
ENUM_HOST,9234.883653661653,9249.883653661653,15.0,38,7,428,41,None,[],None,None
ENUM_HOST,9249.883653661653,9260.19966818012,10.316014518466545,38,8,428,41,None,[],network,IPShuffle
SCAN_HOST,9262.19966818012,9272.19966818012,10.0,-1,0,428,41,None,[],None,None
ENUM_HOST,9272.19966818012,9287.19966818012,15.0,-1,0,428,41,None,[],None,None
SCAN_PORT,9287.19966818012,9307.19966818012,20.0,46,2,428,41,46,[],None,None
SCAN_NEIGHBOR,9307.19966818012,9317.19966818012,10.0,46,2,428,42,None,[],None,None
ENUM_HOST,9317.19966818012,9320.802945175326,3.603276995207125,46,2,428,42,None,[],network,IPShuffle
SCAN_HOST,9322.802945175326,9332.802945175326,10.0,-1,0,428,42,None,[],None,None
ENUM_HOST,9332.802945175326,9347.802945175326,15.0,-1,0,428,42,None,[],None,None
SCAN_PORT,9347.802945175326,9367.802945175326,20.0,69,3,428,42,None,[],None,None
EXPLOIT_VULN,9367.802945175326,9382.112924669482,14.309979494155414,69,3,428,42,None,[],network,IPShuffle
SCAN_HOST,9384.112924669482,9394.112924669482,10.0,-1,0,428,42,None,[],None,None
ENUM_HOST,9394.112924669482,9409.112924669482,15.0,-1,0,428,42,None,[],None,None
SCAN_PORT,9409.112924669482,9429.112924669482,20.0,69,4,428,42,None,[],None,None
EXPLOIT_VULN,9429.112924669482,9453.01639190083,23.90346723134826,69,4,428,42,None,[],network,HostTopologyShuffle
SCAN_HOST,9455.01639190083,9465.01639190083,10.0,-1,0,428,42,None,[],None,None
ENUM_HOST,9465.01639190083,9480.01639190083,15.0,-1,0,428,42,None,[],None,None
SCAN_PORT,9480.01639190083,9500.01639190083,20.0,54,10,428,42,None,[],None,None
EXPLOIT_VULN,9500.01639190083,9504.236979230329,4.220587329498812,54,10,428,42,None,[],network,IPShuffle
SCAN_HOST,9506.236979230329,9516.236979230329,10.0,-1,0,428,42,None,[],None,None
ENUM_HOST,9516.236979230329,9531.236979230329,15.0,-1,0,428,42,None,[],None,None
SCAN_PORT,9531.236979230329,9551.236979230329,20.0,74,6,428,42,None,[],None,None
EXPLOIT_VULN,9551.236979230329,9576.264256356355,25.027277126026092,74,6,428,42,74,['Fiorenze'],None,None
SCAN_NEIGHBOR,9576.264256356355,9586.264256356355,10.0,74,6,433,43,None,[],None,None
ENUM_HOST,9586.264256356355,9601.264256356355,15.0,74,6,433,43,None,[],None,None
ENUM_HOST,9601.264256356355,9616.264256356355,15.0,74,7,433,43,None,[],None,None
ENUM_HOST,9616.264256356355,9631.264256356355,15.0,74,8,433,43,None,[],None,None
SCAN_PORT,9631.264256356355,9642.299385278515,11.035128922159856,64,13,433,43,None,[],application,PortShuffle
SCAN_PORT,9644.299385278515,9664.299385278515,20.0,64,13,433,43,None,[],None,None
EXPLOIT_VULN,9664.299385278515,9693.393243529772,29.09385825125719,64,13,433,43,None,[],None,None
BRUTE_FORCE,9693.393243529772,9697.579897933081,4.186654403309149,64,13,435,43,None,[],application,osdiversity
SCAN_PORT,9699.579897933081,9719.579897933081,20.0,64,13,435,43,None,[],None,None
EXPLOIT_VULN,9719.579897933081,9744.953771237282,25.37387330420097,64,13,435,43,64,"['Lavinie', 'Adeline', 'Petronia', 'Valida']",None,None
SCAN_NEIGHBOR,9744.953771237282,9754.953771237282,10.0,64,13,436,44,None,[],None,None
ENUM_HOST,9754.953771237282,9769.953771237282,15.0,64,13,436,44,None,[],None,None
ENUM_HOST,9769.953771237282,9784.953771237282,15.0,75,1,436,44,None,[],None,None
ENUM_HOST,9784.953771237282,9799.953771237282,15.0,74,9,436,44,None,[],None,None
SCAN_PORT,9799.953771237282,9819.329251949503,19.37548071222045,66,13,436,44,None,[],application,osdiversity
SCAN_PORT,9821.329251949503,9841.329251949503,20.0,66,13,436,44,None,[],None,None
EXPLOIT_VULN,9841.329251949503,9867.0045456292,25.67529367969655,66,13,436,44,66,"['Allyn', 'Tobye', 'Terza']",None,None
SCAN_NEIGHBOR,9867.0045456292,9877.0045456292,10.0,66,13,440,45,None,[],None,None
ENUM_HOST,9877.0045456292,9880.333768250952,3.329222621752706,66,13,440,45,None,[],network,HostTopologyShuffle
SCAN_HOST,9882.333768250952,9892.333768250952,10.0,-1,0,440,45,None,[],None,None
ENUM_HOST,9892.333768250952,9907.333768250952,15.0,-1,0,440,45,None,[],None,None
SCAN_PORT,9907.333768250952,9927.333768250952,20.0,55,9,440,45,None,[],None,None
EXPLOIT_VULN,9927.333768250952,9930.977218666052,3.643450415100233,55,9,440,45,None,[],network,IPShuffle
SCAN_HOST,9932.977218666052,9942.977218666052,10.0,-1,0,440,45,None,[],None,None
ENUM_HOST,9942.977218666052,9957.977218666052,15.0,-1,0,440,45,None,[],None,None
SCAN_PORT,9957.977218666052,9977.977218666052,20.0,70,5,440,45,None,[],None,None
EXPLOIT_VULN,9977.977218666052,9991.205191490266,13.227972824213794,70,5,440,45,None,[],network,IPShuffle
